Date,Price,Freq,Invoice,DayofWeek,Weekofyear,Quarter
2013-01-01,1479.4871153846154,128,189374.35076923078,1,1,1
2013-01-02,1561.694302720949,525,819889.5089284983,2,1,1
2013-01-03,1483.195422535155,443,657055.5721830737,3,1,1
2013-01-04,1532.4758585857576,399,611457.8675757173,4,1,1
2013-01-05,1490.3519555554665,399,594650.4302666311,5,1,1
2013-01-06,1450.7449404760716,321,465689.125892819,6,1,1
2013-01-07,1452.2923611110416,288,418260.19999998,0,2,1
2013-01-08,1486.0783333333331,264,392324.67999999993,1,2,1
2013-01-09,1527.6958024690741,186,284151.4192592478,2,2,1
2013-01-10,1472.3588636363636,190,279748.1840909091,3,2,1
2013-01-11,1595.6806666666002,220,351049.74666665203,4,2,1
2013-01-12,1454.7596153846155,256,372418.46153846156,5,2,1
2013-01-13,1523.2984353740817,246,374731.4151020241,6,2,1
2013-01-14,1430.281794871795,186,266032.4138461539,0,3,1
2013-01-15,1494.8052910053334,236,352774.04867725866,1,3,1
2013-01-16,1530.9414893617022,213,326090.5372340426,2,3,1
2013-01-17,1390.9159574468085,238,331037.99787234043,3,3,1
2013-01-18,1503.227623456852,254,381819.8163580404,4,3,1
2013-01-19,1427.1626865671642,393,560874.9358208955,5,3,1
2013-01-20,1481.3601388888333,334,494774.2863888703,6,3,1
2013-01-21,1436.75,179,257178.25,0,4,1
2013-01-22,1350.201388888889,182,245736.65277777778,1,4,1
2013-01-23,1500.6447368421052,155,232599.93421052632,2,4,1
2013-01-24,1478.911111111111,196,289866.57777777774,3,4,1
2013-01-25,1418.0993589743655,213,302055.16346153984,4,4,1
2013-01-26,1461.7020202019696,331,483823.3686868519,5,4,1
2013-01-27,1536.645,268,411820.86,6,4,1
2013-01-28,1239.8390909090908,172,213252.3236363636,0,5,1
2013-01-29,1395.7666666666667,181,252633.76666666666,1,5,1
2013-01-30,1289.7426744186046,166,214097.28395348837,2,5,1
2013-01-31,1270.5233653846153,175,222341.5889423077,3,5,1
2013-02-01,1363.9344262295083,238,324616.39344262297,4,5,1
2013-02-02,1286.098523391807,363,466853.763991226,5,5,1
2013-02-03,1329.4587797619643,251,333694.15372025303,6,5,1
2013-02-04,1243.395731707317,134,166615.02804878048,0,6,1
2013-02-05,1476.1451219512194,170,250944.6707317073,1,6,1
2013-02-06,1359.7613636363637,195,265153.46590909094,2,6,1
2013-02-07,1438.5535053928816,241,346691.39479968447,3,6,1
2013-02-08,1434.7463276835592,288,413206.94237286504,4,6,1
2013-02-09,1394.1070495494998,368,513031.39423421596,5,6,1
2013-02-10,1326.286111111116,310,411148.69444444595,6,6,1
2013-02-11,1389.7883088235737,248,344667.5005882463,0,7,1
2013-02-12,1455.3351851851112,200,291067.03703702224,1,7,1
2013-02-13,1515.933653846154,252,382015.2807692308,2,7,1
2013-02-14,1490.8915000000002,220,327996.13000000006,3,7,1
2013-02-15,1264.0330357142855,261,329912.6223214285,4,7,1
2013-02-16,1423.692957746479,356,506834.6929577465,5,7,1
2013-02-17,1359.4510822510779,370,502996.90043289884,6,7,1
2013-02-18,1274.9054838709676,207,263905.4351612903,0,8,1
2013-02-19,1274.580621890448,292,372177.54159201076,1,8,1
2013-02-20,1206.0037301587301,304,366625.13396825397,2,8,1
2013-02-21,1354.720711764635,367,497182.5012176211,3,8,1
2013-02-22,1384.120457310853,541,748809.1674051714,4,8,1
2013-02-23,1327.6279420226692,666,884200.2093870977,5,8,1
2013-02-24,1237.0043415637035,427,528200.8538477015,6,8,1
2013-02-25,1235.9922222221664,241,297874.1255555421,0,9,1
2013-02-26,1312.7854545454545,238,312442.9381818182,1,9,1
2013-02-27,1275.6943518518517,221,281928.4517592592,2,9,1
2013-02-28,1333.315648148148,184,245330.07925925925,3,9,1
2013-03-01,1331.1323529411766,256,340769.8823529412,4,9,1
2013-03-02,1375.3439487179487,429,590022.554,5,9,1
2013-03-03,1295.1091686182624,358,463649.08236533793,6,9,1
2013-03-04,1489.6024382716666,228,339629.35592594,0,10,1
2013-03-05,1430.4440476191378,286,409106.99761907343,1,10,1
2013-03-06,1248.369005376403,270,337059.6314516288,2,10,1
2013-03-07,1376.433530092597,403,554702.7126273166,3,10,1
2013-03-08,1351.195122710619,432,583716.2930109875,4,10,1
2013-03-09,1361.971872294286,395,537978.889556243,5,10,1
2013-03-10,1349.8169841269842,329,444089.78777777776,6,10,1
2013-03-11,1346.9750000000001,183,246496.42500000002,0,11,1
2013-03-12,1445.80613333334,189,273257.3592000013,1,11,1
2013-03-13,1508.2031570294716,372,561051.5744149635,2,11,1
2013-03-14,1542.3819125682458,309,476596.01098358794,3,11,1
2013-03-15,1534.4858870967741,384,589242.5806451612,4,11,1
2013-03-16,1439.2059819277108,509,732555.8448012047,5,11,1
2013-03-17,1519.6535655737703,391,594184.5441393441,6,11,1
2013-03-18,1531.9383720930234,246,376856.83953488374,0,12,1
2013-03-19,1543.160897435904,241,371901.77628205286,1,12,1
2013-03-20,1552.5431159419563,236,366400.1753623017,2,12,1
2013-03-21,1496.871794871795,214,320330.5641025641,3,12,1
2013-03-22,1593.1031372549019,310,493861.97254901956,4,12,1
2013-03-23,1411.6569166666668,448,632422.2986666667,5,12,1
2013-03-24,1471.7471505375809,360,529828.9741935291,6,12,1
2013-03-25,1664.9050724637605,214,356289.6855072447,0,13,1
2013-03-26,1506.3329710145651,282,424785.8978261074,1,13,1
2013-03-27,1567.6499999999999,226,354288.89999999997,2,13,1
2013-03-28,1611.805448717885,283,456140.9419871614,3,13,1
2013-03-29,1696.3590277777084,304,515693.1444444234,4,13,1
2013-03-30,1601.2741468254499,438,701358.0763095471,5,13,1
2013-03-31,1639.9460784313726,302,495263.7156862745,6,13,1
2013-04-01,1628.4371951219514,189,307774.6298780488,0,14,2
2013-04-02,1617.3058139534883,167,270090.0709302325,1,14,2
2013-04-03,1658.4857142857143,169,280284.0857142857,2,14,2
2013-04-04,1591.8795454545455,170,270619.5227272727,3,14,2
2013-04-05,1569.2462418300001,235,368772.86683005,4,14,2
2013-04-06,1560.5754545454545,323,504065.87181818177,5,14,2
2013-04-07,1578.1537414965308,315,497118.42857140716,6,14,2
2013-04-08,1560.3121621621622,155,241848.38513513515,0,15,2
2013-04-09,1463.2333333333333,181,264845.23333333334,1,15,2
2013-04-10,1299.2259999999999,213,276735.138,2,15,2
2013-04-11,1637.3285714285712,212,347113.6571428571,3,15,2
2013-04-12,1445.8670212765958,243,351345.68617021275,4,15,2
2013-04-13,1393.2630952380894,352,490428.6095238075,5,15,2
2013-04-14,1327.607386363646,323,428817.1857954576,6,15,2
2013-04-15,1360.782894736842,162,220446.82894736843,0,16,2
2013-04-16,1514.2505952380952,181,274079.3577380952,1,16,2
2013-04-17,1449.5925,180,260926.65,2,16,2
2013-04-18,1453.939024390244,161,234084.18292682926,3,16,2
2013-04-19,1506.7904761905997,217,326973.53333336016,4,16,2
2013-04-20,1408.0120370370369,345,485764.1527777777,5,16,2
2013-04-21,1356.4875,296,401520.3,6,16,2
2013-04-22,1305.2368421052631,170,221890.26315789472,0,17,2
2013-04-23,1265.6944444444443,156,197448.3333333333,1,17,2
2013-04-24,1348.0337837837837,166,223773.6081081081,2,17,2
2013-04-25,1195.6315789473683,191,228365.63157894736,3,17,2
2013-04-26,1320.3166666666666,260,343282.3333333333,4,17,2
2013-04-27,1287.358148148067,328,422253.47259256593,5,17,2
2013-04-28,1472.8154761904761,268,394714.54761904763,6,17,2
2013-04-29,1418.355,197,279415.935,0,18,2
2013-04-30,1291.4318181818182,256,330606.54545454547,1,18,2
2013-05-01,1287.3277777777778,311,400358.93888888886,2,18,2
2013-05-02,1425.6689102563464,294,419146.65961536585,3,18,2
2013-05-03,1374.1924528301886,259,355915.84528301883,4,18,2
2013-05-04,1338.4988372093023,213,285100.2523255814,5,18,2
2013-05-05,1275.4275000000002,216,275492.34,6,18,2
2013-05-06,1345.3986486486488,190,255625.74324324325,0,19,2
2013-05-07,1349.027027027027,181,244173.8918918919,1,19,2
2013-05-08,1347.4153846153845,229,308558.1230769231,2,19,2
2013-05-09,1342.7951219512197,214,287358.156097561,3,19,2
2013-05-10,1347.9993333333998,193,260163.87133334618,4,19,2
2013-05-11,1311.6487804878047,203,266264.70243902435,5,19,2
2013-05-12,1394.6439393939395,178,248246.62121212122,6,19,2
2013-05-13,1249.8021428571428,136,169973.09142857144,0,20,2
2013-05-14,1314.876923076923,150,197231.53846153847,1,20,2
2013-05-15,1246.9627192982368,185,230688.10307017382,2,20,2
2013-05-16,1396.5011363636365,182,254163.20681818185,3,20,2
2013-05-17,1477.2823333334,236,348638.6306666824,4,20,2
2013-05-18,1242.9493939394,307,381585.4639393958,5,20,2
2013-05-19,1310.5814102563463,249,326334.7711538302,6,20,2
2013-05-20,1377.99375,179,246660.88125,0,21,2
2013-05-21,1245.6470588235295,171,213005.64705882355,1,21,2
2013-05-22,1437.767521367436,175,251609.31623930132,2,21,2
2013-05-23,1210.1985714285713,198,239619.31714285712,3,21,2
2013-05-24,1205.3733333333334,231,278441.24000000005,4,21,2
2013-05-25,1417.0955128205767,305,432214.1314102759,5,21,2
2013-05-26,1412.3603773584907,289,408172.14905660384,6,21,2
2013-05-27,1388.4077777777777,192,266574.29333333333,0,22,2
2013-05-28,1288.6151960784412,185,238393.81127451162,1,22,2
2013-05-29,1326.0047619047618,157,208182.74761904762,2,22,2
2013-05-30,1365.0202830188678,229,312589.6448113207,3,22,2
2013-05-31,1253.5415094339626,259,324667.2509433963,4,22,2
2013-06-01,1237.8257575757636,372,460471.1818181841,5,22,2
2013-06-02,1226.015,302,370256.53,6,22,2
2013-06-03,1191.5463414634146,254,302652.7707317073,0,23,2
2013-06-04,1286.5243243243244,214,275316.20540540543,1,23,2
2013-06-05,1227.735,262,321666.56999999995,2,23,2
2013-06-06,1378.7116666666,254,350192.76333331637,3,23,2
2013-06-07,1296.8153073285107,369,478524.8484042204,4,23,2
2013-06-08,1334.9556547619643,452,603399.9559524079,5,23,2
2013-06-09,1219.5981818181817,301,367099.0527272727,6,23,2
2013-06-10,1239.6521739130435,225,278921.7391304348,0,24,2
2013-06-11,1294.357142857143,240,310645.7142857143,1,24,2
2013-06-12,1308.2196078431373,291,380691.90588235296,2,24,2
2013-06-13,1393.4720930232559,202,281481.36279069766,3,24,2
2013-06-14,1909.97783842,380,725791.5785996,4,24,2
2013-06-15,1720.8027651635523,400,688321.1060654209,5,24,2
2013-06-16,1522.7383438884317,308,469003.40991763695,6,24,2
2013-06-17,1585.9542903524998,282,447239.10987940495,0,25,2
2013-06-18,1561.6212396692724,287,448185.29578508117,1,25,2
2013-06-19,1480.1503205128845,272,402600.88717950456,2,25,2
2013-06-20,1409.3777173913043,257,362210.0733695652,3,25,2
2013-06-21,1576.1374255952085,294,463384.4031249913,4,25,2
2013-06-22,1456.240890039423,347,505315.58884367975,5,25,2
2013-06-23,1326.1370192307693,368,488018.4230769231,6,25,2
2013-06-24,1420.801219512195,197,279897.8402439024,0,26,2
2013-06-25,1416.195,211,298817.14499999996,1,26,2
2013-06-26,1370.9040697674418,173,237166.40406976742,2,26,2
2013-06-27,1318.225,208,274190.8,3,26,2
2013-06-28,1569.4375968993022,202,317026.39457365905,4,26,2
2013-06-29,1448.273765432037,245,354827.0725308491,5,26,2
2013-06-30,1316.942391304348,273,359525.27282608696,6,26,2
2013-07-01,1570.8064516129032,206,323586.12903225806,0,27,3
2013-07-02,1642.526530612143,205,336717.93877548934,1,27,3
2013-07-03,1616.767195767037,176,284551.02645499853,2,27,3
2013-07-04,1582.7560294117648,197,311802.93779411766,3,27,3
2013-07-05,1775.8833333333334,222,394246.10000000003,4,27,3
2013-07-06,1437.08527027027,261,375079.2555405405,5,27,3
2013-07-07,1743.0295566503448,239,416584.0640394324,6,27,3
2013-07-08,1520.1309523810712,175,266022.91666668747,0,28,3
2013-07-09,1588.45,189,300217.05,1,28,3
2013-07-10,1467.6636781610343,187,274453.10781611345,2,28,3
2013-07-11,1449.2333333333333,176,255065.06666666668,3,28,3
2013-07-12,1610.746875,206,331813.85625,4,28,3
2013-07-13,1509.3275675675677,249,375822.56432432437,5,28,3
2013-07-14,1359.835483870968,270,367155.58064516133,6,28,3
2013-07-15,1488.7966666666666,193,287337.75666666665,0,29,3
2013-07-16,1608.9617142857144,187,300875.8405714286,1,29,3
2013-07-17,1526.5827586206897,180,274784.8965517241,2,29,3
2013-07-18,1526.1770833334374,204,311340.12500002125,3,29,3
2013-07-19,1357.7878787878788,221,300071.1212121212,4,29,3
2013-07-20,1433.13,295,422773.35000000003,5,29,3
2013-07-21,1423.1426470588235,229,325899.6661764706,6,29,3
2013-07-22,1613.625,208,335634.0,0,30,3
2013-07-23,1466.7193548387097,222,325611.69677419355,1,30,3
2013-07-24,1444.23,200,288846.0,2,30,3
2013-07-25,1464.590909090909,159,232869.95454545453,3,30,3
2013-07-26,1474.1275862068965,189,278610.11379310343,4,30,3
2013-07-27,1429.892857142857,254,363192.7857142857,5,30,3
2013-07-28,1551.0638235294118,221,342785.10500000004,6,30,3
2013-07-29,1162.9705555555556,234,272135.11,0,31,3
2013-07-30,1156.0321999999999,233,269355.50259999995,1,31,3
2013-07-31,1224.1250862068966,183,224014.8907758621,2,31,3
2013-08-01,1141.8371751412374,249,284317.4566101681,3,31,3
2013-08-02,1080.2418918918918,280,302467.7297297297,4,31,3
2013-08-03,1030.961060606023,348,358774.449090896,5,31,3
2013-08-04,1097.7663636363636,299,328232.1427272727,6,31,3
2013-08-05,1092.986574074074,235,256851.8449074074,0,32,3
2013-08-06,1251.701153846154,200,250340.2307692308,1,32,3
2013-08-07,1211.2558620689654,199,241039.9165517241,2,32,3
2013-08-08,1155.139153846154,221,255285.75300000003,3,32,3
2013-08-09,1103.9242424242425,243,268253.59090909094,4,32,3
2013-08-10,1124.2872881355931,279,313676.1533898305,5,32,3
2013-08-11,1082.3124528301887,246,266248.8633962264,6,32,3
2013-08-12,1162.7473170731707,205,238363.2,0,33,3
2013-08-13,1021.4637068965517,247,252301.53560344825,1,33,3
2013-08-14,1094.807327586207,230,251805.68534482762,2,33,3
2013-08-15,1084.6404098360656,260,282006.50655737706,3,33,3
2013-08-16,1160.7727611940297,280,325016.37313432834,4,33,3
2013-08-17,1154.0210317460317,313,361208.58293650794,5,33,3
2013-08-18,1179.8418721461646,288,339794.4591780954,6,33,3
2013-08-19,1140.2205147058824,262,298737.77485294116,0,34,3
2013-08-20,1217.1718461538462,293,356631.35092307697,1,34,3
2013-08-21,1142.856055008155,313,357713.9452175525,2,34,3
2013-08-22,1115.312,353,393705.13599999994,3,34,3
2013-08-23,1127.1307777778334,331,373080.2874444628,4,34,3
2013-08-24,1149.7453205128202,440,505887.9410256409,5,34,3
2013-08-25,1146.1956190475712,353,404607.05352379265,6,34,3
2013-08-26,1168.7973148148149,289,337782.42398148146,0,35,3
2013-08-27,1206.0099122807019,266,320798.6366666667,1,35,3
2013-08-28,1425.3616352201886,321,457541.08490568056,2,35,3
2013-08-29,1465.9874479167188,332,486707.8327083506,3,35,3
2013-08-30,1276.763179487231,375,478786.1923077116,4,35,3
2013-08-31,1246.602151898734,441,549751.5489873417,5,35,3
2013-09-01,1220.2547679324427,399,486881.65240504465,6,35,3
2013-09-02,1359.74505291,265,360332.43902115,0,36,3
2013-09-03,1430.7572176595834,284,406335.0498153217,1,36,3
2013-09-04,1450.4444444446292,239,346656.22222226637,2,36,3
2013-09-05,1313.7951388889583,231,303486.6770833494,3,36,3
2013-09-06,1305.2454032258063,338,441172.9462903225,4,36,3
2013-09-07,1226.3276884681927,425,521189.2675989819,5,36,3
2013-09-08,1263.6204629629165,390,492811.98055553745,6,36,3
2013-09-09,1362.7333050847456,215,292987.66059322027,0,37,3
2013-09-10,1183.895,265,313732.175,1,37,3
2013-09-11,1184.7828638497183,318,376760.95070421044,2,37,3
2013-09-12,1165.8624509803922,198,230840.76529411765,3,37,3
2013-09-13,1216.2093636363636,309,375808.6933636364,4,37,3
2013-09-14,1204.2671614582812,434,522651.948072894,5,37,3
2013-09-15,1258.8950000000468,340,428024.30000001594,6,37,3
2013-09-16,1211.5241860465119,228,276227.5144186047,0,38,3
2013-09-17,2090.674446295696,291,608386.2638720475,1,38,3
2013-09-18,2266.483510427524,330,747939.558441083,2,38,3
2013-09-19,2071.141839248841,267,552994.8710794405,3,38,3
2013-09-20,1971.3131303146513,333,656447.2723947789,4,38,3
2013-09-21,1711.2927407812501,415,710186.4874242188,5,38,3
2013-09-22,1642.7139665966668,300,492814.189979,6,38,3
2013-09-23,1714.3134711166128,221,378863.27711677144,0,39,3
2013-09-24,1677.4566504326788,306,513301.7350323997,1,39,3
2013-09-25,1758.5580786113208,284,499430.4943256151,2,39,3
2013-09-26,1674.3397697109838,325,544160.4251560697,3,39,3
2013-09-27,1572.7629393938182,309,485983.7482726898,4,39,3
2013-09-28,1545.886073984084,418,646180.3789253471,5,39,3
2013-09-29,1501.1000133788407,377,565914.705043823,6,39,3
2013-09-30,1570.236797862041,257,403550.8570505445,0,40,3
2013-10-01,1607.137380952449,236,379284.42190477793,1,40,4
2013-10-02,1579.5428113552382,212,334863.0760073105,2,40,4
2013-10-03,1508.6454338624446,243,366600.84042857407,3,40,4
2013-10-04,1422.928517636635,334,475258.12489063607,4,40,4
2013-10-05,1356.8537872958,458,621439.0345814764,5,40,4
2013-10-06,1285.38862910306,413,530865.5038195638,6,40,4
2013-10-07,1921.483870967742,207,397747.1612903226,0,41,4
2013-10-08,1513.834375,202,305794.54374999995,1,41,4
2013-10-09,2130.969198287639,298,635028.8210897164,2,41,4
2013-10-10,2032.0648250238462,276,560849.8917065816,3,41,4
2013-10-11,2033.192001866038,330,670953.3606157926,4,41,4
2013-10-12,1794.202840434386,403,723063.7446950575,5,41,4
2013-10-13,1793.889591836735,350,627861.3571428573,6,41,4
2013-10-14,1610.705319148936,238,383347.8659574468,0,42,4
2013-10-15,1619.1588235294116,233,377264.0058823529,1,42,4
2013-10-16,1722.267857142857,209,359953.98214285716,2,42,4
2013-10-17,1646.842105263158,221,363952.1052631579,3,42,4
2013-10-18,1740.262857142857,263,457689.1314285714,4,42,4
2013-10-19,1670.6462301588097,380,634845.5674603477,5,42,4
2013-10-20,1685.9674342105263,332,559741.1881578948,6,42,4
2013-10-21,1673.4922619046429,182,304575.591666645,0,43,4
2013-10-22,1717.904054054054,169,290325.7851351351,1,43,4
2013-10-23,1734.9285714285713,160,277588.5714285714,2,43,4
2013-10-24,1564.8636363636363,169,264461.95454545453,3,43,4
2013-10-25,1804.8999999999999,248,447615.19999999995,4,43,4
2013-10-26,1621.6226813185715,347,562703.0704175443,5,43,4
2013-10-27,1604.6756756756756,305,489426.08108108107,6,43,4
2013-10-28,1632.4888888888888,180,293848.0,0,44,4
2013-10-29,2152.234784867018,259,557428.8092805577,1,44,4
2013-10-30,2674.671662753559,281,751582.73723375,2,44,4
2013-10-31,2530.9014396455814,306,774455.8405315479,3,44,4
2013-11-01,2638.1016260163415,299,788792.386178886,4,44,4
2013-11-02,2373.7398373982924,396,940000.9756097238,5,44,4
2013-11-03,2006.6161616160605,366,734421.5151514781,6,44,4
2013-11-04,1961.5111111110002,305,598260.8888888551,0,45,4
2013-11-05,2174.6,264,574094.4,1,45,4
2013-11-06,2119.7586206896553,247,523580.37931034487,2,45,4
2013-11-07,1881.4705882352941,226,425212.3529411765,3,45,4
2013-11-08,1948.2727272727273,285,555257.7272727273,4,45,4
2013-11-09,1941.3636363636363,379,735776.8181818181,5,45,4
2013-11-10,1834.0588235294117,306,561222.0,6,45,4
2013-11-11,1661.6774193548388,210,348952.2580645161,0,46,4
2013-11-12,1677.6296296296296,174,291907.55555555556,1,46,4
2013-11-13,1866.2,156,291127.2,2,46,4
2013-11-14,1658.396153846154,145,240467.44230769234,3,46,4
2013-11-15,1736.25,242,420172.5,4,46,4
2013-11-16,1775.264705882353,355,630218.9705882353,5,46,4
2013-11-17,1629.0426470588234,328,534325.9882352941,6,46,4
2013-11-18,1947.1851851851852,201,391384.22222222225,0,47,4
2013-11-19,1679.6347826086956,204,342645.4956521739,1,47,4
2013-11-20,1732.1153846153845,169,292727.5,2,47,4
2013-11-21,1590.896551724138,188,299088.5517241379,3,47,4
2013-11-22,1704.2727272727273,254,432885.2727272727,4,47,4
2013-11-23,1655.6757575757576,349,577830.8393939395,5,47,4
2013-11-24,1756.9259259259259,281,493696.18518518517,6,47,4
2013-11-25,1882.8095238095239,184,346436.95238095237,0,48,4
2013-11-26,1692.121153846154,178,301197.5653846154,1,48,4
2013-11-27,1755.04,142,249215.68,2,48,4
2013-11-28,1473.12,133,195924.96,3,48,4
2013-11-29,1727.5652173913043,196,338602.7826086956,4,48,4
2013-11-30,1574.1612903225807,306,481693.3548387097,5,48,4
2013-12-01,1639.6296296296296,271,444339.6296296296,6,48,4
2013-12-02,1667.2608695652175,129,215076.65217391305,0,49,4
2013-12-03,1606.6838709677418,164,263496.1548387096,1,49,4
2013-12-04,1606.623214285714,171,274732.5696428571,2,49,4
2013-12-05,1658.25,173,286877.25,3,49,4
2013-12-06,2211.4408668154683,325,718718.2817150272,4,49,4
2013-12-07,2218.521818181818,420,931779.1636363636,5,49,4
2013-12-08,2132.864634146341,314,669719.4951219511,6,49,4
2013-12-09,1981.9142857142858,202,400346.68571428576,0,50,4
2013-12-10,1971.25,254,500697.5,1,50,4
2013-12-11,2164.9794871796153,231,500110.2615384911,2,50,4
2013-12-12,1975.5185185185185,228,450418.2222222222,3,50,4
2013-12-13,1846.8796296297223,281,518973.175925952,4,50,4
2013-12-14,1812.8823529411766,454,823048.5882352942,5,50,4
2013-12-15,1794.1019607844119,408,731993.60000004,6,50,4
2013-12-16,1528.5337719298245,265,405061.4495614035,0,51,4
2013-12-17,1508.6745901639342,269,405833.4647540983,1,51,4
2013-12-18,1470.1598360655735,300,441047.950819672,2,51,4
2013-12-19,1588.996153846154,336,533902.7076923077,3,51,4
2013-12-20,1456.1825757575757,409,595578.6734848485,4,51,4
2013-12-21,1425.5799145298718,610,869603.7478632218,5,51,4
2013-12-22,1581.3334349592685,574,907685.3916666202,6,51,4
2013-12-23,1514.1747474746971,383,579928.928282809,0,52,4
2013-12-24,1531.6379032258064,350,536073.2661290322,1,52,4
2013-12-25,1460.0649305555553,449,655569.1538194444,2,52,4
2013-12-26,1508.8208333333334,503,758936.8791666668,3,52,4
2013-12-27,1571.5873239436619,601,944523.9816901408,4,52,4
2013-12-28,1484.7914663997196,860,1276920.661103759,5,52,4
2013-12-29,1569.3183505154639,851,1335489.9162886597,6,52,4
2013-12-30,1517.1441746794228,887,1345706.8829406481,0,1,4
2013-12-31,1519.0460499998999,808,1227389.208399919,1,1,4
2014-01-01,1534.5605769230767,179,274686.34326923074,2,1,1
2014-01-02,1457.42545138875,583,849679.0381596412,3,1,1
2014-01-03,1464.849156118101,511,748537.9187763496,4,1,1
2014-01-04,1502.0537037037038,447,671418.0055555556,5,1,1
2014-01-05,1307.921052631579,428,559790.2105263158,6,1,1
2014-01-06,1372.8084745762708,400,549123.3898305083,0,2,1
2014-01-07,1238.7156862745098,313,387718.00980392157,1,2,1
2014-01-08,1483.4027777777778,312,462821.6666666667,2,2,1
2014-01-09,1340.534375,213,285533.82187499997,3,2,1
2014-01-10,1466.4422222222222,203,297687.7711111111,4,2,1
2014-01-11,1346.5336206896552,301,405306.6198275862,5,2,1
2014-01-12,1438.3849056603772,224,322198.2188679245,6,2,1
2014-01-13,1514.8978260869562,182,275711.404347826,0,3,1
2014-01-14,1593.3884615384613,174,277249.5923076923,1,3,1
2014-01-15,1395.1279069767443,191,266469.43023255817,2,3,1
2014-01-16,1543.5384615384614,151,233074.3076923077,3,3,1
2014-01-17,1563.3387755102042,216,337681.1755102041,4,3,1
2014-01-18,1387.3292452830187,305,423135.4198113207,5,3,1
2014-01-19,1358.3333333333333,275,373541.6666666666,6,3,1
2014-01-20,1378.8020833333333,175,241290.3645833333,0,4,1
2014-01-21,1513.935135135135,155,234659.94594594592,1,4,1
2014-01-22,1357.530612244898,172,233495.26530612246,2,4,1
2014-01-23,1370.515909090909,165,226135.12499999997,3,4,1
2014-01-24,1353.1234042553192,224,303099.6425531915,4,4,1
2014-01-25,1445.6442622950817,302,436584.5672131147,5,4,1
2014-01-26,1548.7341836734693,252,390281.01428571425,6,4,1
2014-01-27,1223.1531609195347,212,259308.47011494136,0,5,1
2014-01-28,1368.7892820512309,225,307977.58846152696,1,5,1
2014-01-29,1246.834547619043,233,290512.44959523703,2,5,1
2014-01-30,1172.6932240437704,211,247438.27027323557,3,5,1
2014-01-31,1237.0348084290804,313,387191.8950383022,4,5,1
2014-02-01,1190.583565972229,453,539334.3553854198,5,5,1
2014-02-02,1129.3588034187565,333,376076.4815384459,6,5,1
2014-02-03,1222.1348333333333,208,254204.0453333333,0,6,1
2014-02-04,1193.7234745762712,220,262619.1644067797,1,6,1
2014-02-05,1182.6309119496227,201,237708.81330187418,2,6,1
2014-02-06,1301.0017543859651,214,278414.37543859653,3,6,1
2014-02-07,1243.2588308457762,221,274760.2016169165,4,6,1
2014-02-08,1219.2176709401667,358,436479.9261965797,5,6,1
2014-02-09,1220.8029761905293,315,384552.9375000167,6,6,1
2014-02-10,1221.8562295081967,193,235818.25229508197,0,7,1
2014-02-11,1227.4144545454544,165,202523.38499999998,1,7,1
2014-02-12,1226.136666666731,194,237870.5133333458,2,7,1
2014-02-13,1212.4628603603649,227,275229.06930180284,3,7,1
2014-02-14,1187.016376811551,277,328803.53637679963,4,7,1
2014-02-15,1203.3961764705882,401,482561.86676470586,5,7,1
2014-02-16,1146.8215476190912,347,397947.0770238247,6,7,1
2014-02-17,1203.1906999999999,202,243044.52139999997,0,8,1
2014-02-18,1269.5364052288235,199,252637.74464053588,1,8,1
2014-02-19,1222.336013071902,205,250578.8826797399,2,8,1
2014-02-20,1211.8805637254852,245,296910.7381127439,3,8,1
2014-02-21,1229.8236431623077,332,408301.44952988613,4,8,1
2014-02-22,1105.6678551752068,568,628019.3417395174,5,8,1
2014-02-23,1155.5529002849573,547,632087.4364558717,6,8,1
2014-02-24,1422.128205128205,145,206208.58974358975,0,9,1
2014-02-25,1284.7532258064518,117,150316.12741935486,1,9,1
2014-02-26,1369.0033333333333,134,183446.44666666666,2,9,1
2014-02-27,1532.4,127,194614.80000000002,3,9,1
2014-02-28,1537.470432083774,210,322868.79073759256,4,9,1
2014-03-01,1598.877232142857,332,530827.2410714285,5,9,1
2014-03-02,1544.904255319149,261,403220.0106382979,6,9,1
2014-03-03,1538.221052631579,162,249191.8105263158,0,10,1
2014-03-04,1389.635,174,241796.49,1,10,1
2014-03-05,1340.898148148148,200,268179.6296296296,2,10,1
2014-03-06,1583.7839330808335,190,300918.9472853584,3,10,1
2014-03-07,1523.7032369145454,307,467776.89373276546,4,10,1
2014-03-08,1516.9360062892454,314,476317.90597482305,5,10,1
2014-03-09,1423.704702380893,272,387247.67904760287,6,10,1
2014-03-10,1511.9367521366664,205,309947.0341880166,0,11,1
2014-03-11,1580.992857142857,150,237148.92857142855,1,11,1
2014-03-12,1382.7583333333332,137,189437.89166666666,2,11,1
2014-03-13,1463.4127659574467,143,209268.02553191487,3,11,1
2014-03-14,1795.2998457539998,252,452415.56113000796,4,11,1
2014-03-15,1790.4701149424138,316,565788.5563218028,5,11,1
2014-03-16,1747.625,277,484092.125,6,11,1
2014-03-17,1823.4642076501636,200,364692.84153003275,0,12,1
2014-03-18,1710.778911564694,175,299386.30952382146,1,12,1
2014-03-19,1769.7886904763634,145,256619.3601190727,2,12,1
2014-03-20,1676.123397435769,194,325167.9391025392,3,12,1
2014-03-21,1663.6957650273773,250,415923.9412568443,4,12,1
2014-03-22,1577.0238425925002,339,534611.0826388575,5,12,1
2014-03-23,1552.627192982456,257,399025.18859649124,6,12,1
2014-03-24,1497.9846153846154,151,226195.6769230769,0,13,1
2014-03-25,1624.3088235294117,133,216033.07352941175,1,13,1
2014-03-26,1463.4345238095239,151,220978.6130952381,2,13,1
2014-03-27,1531.7465116279068,163,249674.6813953488,3,13,1
2014-03-28,1510.5384615384614,164,247728.3076923077,4,13,1
2014-03-29,1646.3602272727273,238,391833.7340909091,5,13,1
2014-03-30,1514.3666666666663,221,334675.03333333327,6,13,1
2014-03-31,1464.595238095238,120,175751.42857142858,0,14,1
2014-04-01,1582.7878787878788,95,150364.84848484848,1,14,2
2014-04-02,1576.838709677419,99,156107.0322580645,2,14,2
2014-04-03,1752.0382352941178,98,171699.74705882356,3,14,2
2014-04-04,1494.4333333333334,154,230142.73333333334,4,14,2
2014-04-05,1692.754545454545,278,470585.7636363635,5,14,2
2014-04-06,1588.5076923076924,189,300227.95384615386,6,14,2
2014-04-07,1535.4137931034484,101,155076.7931034483,0,15,2
2014-04-08,1495.6666666666667,86,128627.33333333334,1,15,2
2014-04-09,1531.93125,122,186895.61250000002,2,15,2
2014-04-10,1565.25,124,194091.0,3,15,2
2014-04-11,1481.165714285714,158,234024.18285714282,4,15,2
2014-04-12,1499.6833333333334,235,352425.5833333334,5,15,2
2014-04-13,1492.8166666666666,201,300056.14999999997,6,15,2
2014-04-14,1664.9546874999999,114,189804.83437499998,0,16,2
2014-04-15,1391.625,87,121071.375,1,16,2
2014-04-16,1574.7624999999998,115,181097.68749999997,2,16,2
2014-04-17,1472.7146341463415,154,226798.05365853658,3,16,2
2014-04-18,1379.3103448275863,136,187586.20689655174,4,16,2
2014-04-19,1573.28125,207,325669.21875,5,16,2
2014-04-20,1554.732142857143,167,259640.26785714287,6,16,2
2014-04-21,1515.1407407407407,99,149998.93333333332,0,17,2
2014-04-22,1388.1323529411766,109,151306.42647058825,1,17,2
2014-04-23,1346.0,104,139984.0,2,17,2
2014-04-24,1387.3125,94,130407.375,3,17,2
2014-04-25,1588.1142857142856,91,144518.4,4,17,2
2014-04-26,1451.002564102564,231,335181.5923076923,5,17,2
2014-04-27,1457.0691176470589,208,303070.37647058826,6,17,2
2014-04-28,1479.390625,111,164212.359375,0,18,2
2014-04-29,1520.3846153846155,97,147477.3076923077,1,18,2
2014-04-30,1511.3148148148148,147,222163.27777777778,2,18,2
2014-05-01,1422.9310344827586,173,246167.06896551725,3,18,2
2014-05-02,1435.7148148148149,176,252685.8074074074,4,18,2
2014-05-03,1573.796875,158,248659.90625,5,18,2
2014-05-04,1405.8583333333331,150,210878.74999999997,6,18,2
2014-05-05,1553.6666666666667,114,177118.0,0,19,2
2014-05-06,1593.9666666666667,88,140269.06666666668,1,19,2
2014-05-07,1436.6216666666667,94,135042.43666666668,2,19,2
2014-05-08,1430.6256410256408,158,226038.85128205124,3,19,2
2014-05-09,1457.9333333333334,129,188073.4,4,19,2
2014-05-10,1460.7333333333333,187,273157.13333333336,5,19,2
2014-05-11,1509.010294117647,161,242950.65735294117,6,19,2
2014-05-12,1451.48,90,130633.2,0,20,2
2014-05-13,1504.8766666666668,81,121895.01000000001,1,20,2
2014-05-14,1347.4857142857143,85,114536.28571428571,2,20,2
2014-05-15,1425.5814814814814,104,148260.47407407407,3,20,2
2014-05-16,1538.6527027027025,160,246184.4324324324,4,20,2
2014-05-17,1381.1602564102564,218,301092.9358974359,5,20,2
2014-05-18,1449.158536585366,202,292730.0243902439,6,20,2
2014-05-19,1416.4785714285715,107,151563.20714285717,0,21,2
2014-05-20,1639.284523809643,121,198353.42738096678,1,21,2
2014-05-21,1448.2154761904762,149,215784.10595238095,2,21,2
2014-05-22,1483.1333333333334,143,212088.06666666668,3,21,2
2014-05-23,1423.128205128205,162,230546.76923076922,4,21,2
2014-05-24,1502.4546296297221,224,336549.83703705773,5,21,2
2014-05-25,1540.537837837838,195,300404.8783783784,6,21,2
2014-05-26,1555.4875,118,183547.525,0,22,2
2014-05-27,2564.2279547056164,270,692341.5477705165,1,22,2
2014-05-28,2141.306292516939,202,432543.8710884216,2,22,2
2014-05-29,1958.6207641195351,218,426979.32657805865,3,22,2
2014-05-30,2002.3630952380952,222,444524.60714285716,4,22,2
2014-05-31,1838.000337837838,260,477880.08783783787,5,22,2
2014-06-01,1787.3681250000002,232,414669.405,6,22,2
2014-06-02,1711.9911764705882,162,277342.5705882353,0,23,2
2014-06-03,1879.7179487179487,154,289476.5641025641,1,23,2
2014-06-04,1761.75,158,278356.5,2,23,2
2014-06-05,1836.090909090909,122,224003.0909090909,3,23,2
2014-06-06,1766.0895833334373,168,296703.05000001745,4,23,2
2014-06-07,1674.909090909091,202,338331.63636363635,5,23,2
2014-06-08,1581.1433333333334,195,308322.95,6,23,2
2014-06-09,1692.483870967742,151,255565.06451612903,0,24,2
2014-06-10,1638.3555555555556,164,268690.31111111114,1,24,2
2014-06-11,1582.2527777777777,197,311703.7972222222,2,24,2
2014-06-12,1667.2910256410255,252,420157.3384615384,3,24,2
2014-06-13,1503.4433333333334,197,296178.33666666667,4,24,2
2014-06-14,1464.251851851852,149,218173.52592592596,5,24,2
2014-06-15,1347.8972222222224,197,265535.7527777778,6,24,2
2014-06-16,1548.4333333333334,167,258588.36666666667,0,25,2
2014-06-17,1672.275,127,212378.92500000002,1,25,2
2014-06-18,1346.8588235294117,171,230312.8588235294,2,25,2
2014-06-19,1833.5217391304348,134,245691.91304347827,3,25,2
2014-06-20,1544.5555555555557,152,234772.44444444447,4,25,2
2014-06-21,1503.88,234,351907.92000000004,5,25,2
2014-06-22,1645.3864864864865,188,309332.6594594595,6,25,2
2014-06-23,1450.4535714285714,139,201613.04642857143,0,26,2
2014-06-24,1595.6617647058824,162,258497.20588235295,1,26,2
2014-06-25,1393.9285714285713,158,220240.71428571426,2,26,2
2014-06-26,1660.3225806451612,139,230784.83870967742,3,26,2
2014-06-27,1386.5580645161292,150,207983.7096774194,4,26,2
2014-06-28,1472.3428571428572,272,400477.2571428571,5,26,2
2014-06-29,1445.875,192,277608.0,6,26,2
2014-06-30,1554.2564516129032,174,270440.62258064514,0,27,2
2014-07-01,1495.1206896551723,140,209316.89655172412,1,27,3
2014-07-02,1595.5441176470588,139,221780.63235294117,2,27,3
2014-07-03,1690.5026881719357,173,292456.96505374485,3,27,3
2014-07-04,1668.7244791665626,178,297032.95729164814,4,27,3
2014-07-05,1482.8333333333333,213,315843.5,5,27,3
2014-07-06,1442.4166666667645,177,255307.75000001732,6,27,3
2014-07-07,1383.0306451612903,148,204688.53548387098,0,28,3
2014-07-08,1622.4375757575758,147,238498.32363636364,1,28,3
2014-07-09,1654.915,172,284645.38,2,28,3
2014-07-10,1576.1847368421054,158,249037.18842105265,3,28,3
2014-07-11,1486.516904762,176,261626.975238112,4,28,3
2014-07-12,1432.5499999999997,237,339514.3499999999,5,28,3
2014-07-13,1532.8,207,317289.6,6,28,3
2014-07-14,1471.969696969697,158,232571.21212121213,0,29,3
2014-07-15,1434.1896551724137,158,226601.96551724136,1,29,3
2014-07-16,1504.9877419354837,136,204678.3329032258,2,29,3
2014-07-17,1515.7615625,156,236458.80375000002,3,29,3
2014-07-18,1390.8813333333335,162,225322.776,4,29,3
2014-07-19,1492.8697222222222,213,317981.25083333335,5,29,3
2014-07-20,1537.4965277777778,206,316724.28472222225,6,29,3
2014-07-21,1284.8944444444444,159,204298.21666666665,0,30,3
2014-07-22,1457.1676470588234,158,230232.4882352941,1,30,3
2014-07-23,1468.2843137255882,150,220242.64705883822,2,30,3
2014-07-24,1552.4649122807893,179,277891.2192982613,3,30,3
2014-07-25,1267.5548387096774,170,215484.32258064515,4,30,3
2014-07-26,1397.8402777777778,205,286557.25694444444,5,30,3
2014-07-27,1341.7472222222223,197,264324.2027777778,6,30,3
2014-07-28,1511.4467741935484,145,219159.78225806452,0,31,3
2014-07-29,1394.655172413793,118,164569.31034482757,1,31,3
2014-07-30,1538.3076923076924,125,192288.46153846156,2,31,3
2014-07-31,1597.088888888889,117,186859.4,3,31,3
2014-08-01,1536.4923076923078,141,216645.4153846154,4,31,3
2014-08-02,1499.5107526881613,176,263913.8924731164,5,31,3
2014-08-03,1461.4017857142858,159,232362.88392857145,6,31,3
2014-08-04,1493.3181818181818,141,210557.86363636362,0,32,3
2014-08-05,1543.0655172413794,138,212943.04137931037,1,32,3
2014-08-06,1497.967741935484,138,206719.5483870968,2,32,3
2014-08-07,1417.2962962962963,129,182831.22222222222,3,32,3
2014-08-08,1504.12027027027,161,242163.3635135135,4,32,3
2014-08-09,1433.8882352941175,178,255232.10588235292,5,32,3
2014-08-10,1408.359375,174,245054.53125,6,32,3
2014-08-11,1126.3885064935,195,219645.7587662325,0,33,3
2014-08-12,1086.5475092351016,230,249905.92712407338,1,33,3
2014-08-13,1006.051086246069,214,215294.93245665875,2,33,3
2014-08-14,1120.8287222222166,220,246582.31888888765,3,33,3
2014-08-15,1174.85640625,233,273741.54265625,4,33,3
2014-08-16,1200.8757462686565,282,338646.9604477611,5,33,3
2014-08-17,1208.217014925373,261,315344.6408955223,6,33,3
2014-08-18,1170.1473214285713,188,219987.69642857142,0,34,3
2014-08-19,1334.5142727272728,222,296262.16854545457,1,34,3
2014-08-20,1211.6424853801752,226,273831.2016959196,2,34,3
2014-08-21,1234.5995238095875,246,303711.4828571585,3,34,3
2014-08-22,1228.3249333334,200,245664.98666668,4,34,3
2014-08-23,1121.9776715685734,291,326495.50242645486,5,34,3
2014-08-24,1136.3481690140845,261,296586.87211267604,6,34,3
2014-08-25,1018.4464545454545,183,186375.70118181818,0,35,3
2014-08-26,1185.29575,213,252467.99475,1,35,3
2014-08-27,1149.2178888888832,200,229843.57777777663,2,35,3
2014-08-28,1166.7784632034545,249,290527.8373376602,3,35,3
2014-08-29,1146.1539722222165,225,257884.6437499987,4,35,3
2014-08-30,1095.6561274510295,303,331983.80661766196,5,35,3
2014-08-31,1220.343103070171,284,346577.4412719286,6,35,3
2014-09-01,1172.2389197530924,211,247342.4120679025,0,36,3
2014-09-02,1101.9048194444501,154,169693.34219444531,1,36,3
2014-09-03,1190.5527336331738,160,190488.43738130783,2,36,3
2014-09-04,1083.7739130434782,157,170152.50434782606,3,36,3
2014-09-05,1178.9432291666667,152,179199.37083333335,4,36,3
2014-09-06,1097.1471014492752,258,283063.952173913,5,36,3
2014-09-07,1170.8323333333383,247,289195.58633333456,6,36,3
2014-09-08,1410.7282608695652,100,141072.8260869565,0,37,3
2014-09-09,1493.9408602151611,114,170309.25806452837,1,37,3
2014-09-10,1492.9892857142856,136,203046.54285714283,2,37,3
2014-09-11,1591.2777777777778,148,235509.11111111112,3,37,3
2014-09-12,1536.4555555555557,179,275025.5444444445,4,37,3
2014-09-13,1582.7428571428572,246,389354.7428571429,5,37,3
2014-09-14,1574.3509803920588,239,376269.88431370206,6,37,3
2014-09-15,1545.0307692307692,119,183858.66153846154,0,38,3
2014-09-16,1430.578947368421,103,147349.63157894736,1,38,3
2014-09-17,1347.1640000000002,112,150882.36800000002,2,38,3
2014-09-18,1425.7307692307693,117,166810.5,3,38,3
2014-09-19,1413.0708333333332,133,187938.4208333333,4,38,3
2014-09-20,1516.8333333333333,222,336737.0,5,38,3
2014-09-21,1431.081034482759,175,250439.1810344828,6,38,3
2014-09-22,1498.0666666666666,93,139320.19999999998,0,39,3
2014-09-23,1552.2941176470588,137,212664.29411764705,1,39,3
2014-09-24,1493.3620689655172,142,212057.41379310345,2,39,3
2014-09-25,1708.455249042069,152,259685.1978543945,3,39,3
2014-09-26,1499.3678160920688,177,265388.1034482962,4,39,3
2014-09-27,1565.8771929823683,233,364849.3859648918,5,39,3
2014-09-28,1579.4285714285713,180,284297.14285714284,6,39,3
2014-09-29,1518.15,90,136633.5,0,40,3
2014-09-30,1580.75,106,167559.5,1,40,3
2014-10-01,1607.6435999999999,104,167194.9344,2,40,4
2014-10-02,1396.4254166666667,132,184328.155,3,40,4
2014-10-03,1461.1086666665665,178,260077.34266664882,4,40,4
2014-10-04,1438.188918918919,276,396940.1416216216,5,40,4
2014-10-05,1507.2357142857143,233,351185.9214285714,6,40,4
2014-10-06,1470.6733333333332,115,169127.43333333332,0,41,4
2014-10-07,1516.5696296296296,131,198670.62148148147,1,41,4
2014-10-08,1610.4666666666665,96,154604.8,2,41,4
2014-10-09,1397.6,116,162121.59999999998,3,41,4
2014-10-10,1429.6214705882353,166,237317.16411764707,4,41,4
2014-10-11,1439.4329268292686,277,398722.9207317074,5,41,4
2014-10-12,1560.5290322580645,217,338634.8,6,41,4
2014-10-13,1588.888888888889,113,179544.44444444444,0,42,4
2014-10-14,1673.7655172413793,116,194156.8,1,42,4
2014-10-15,1642.7738095239285,118,193847.30952382355,2,42,4
2014-10-16,1835.2571428571428,125,229407.14285714284,3,42,4
2014-10-17,1801.288888889,139,250379.155555571,4,42,4
2014-10-18,1666.4130952380954,262,436600.230952381,5,42,4
2014-10-19,1709.6666666666667,221,377836.3333333334,6,42,4
2014-10-20,1604.44,104,166861.76,0,43,4
2014-10-21,1694.52,98,166062.96,1,43,4
2014-10-22,1633.9362068965518,118,192804.47241379312,2,43,4
2014-10-23,1597.998214285714,108,172583.8071428571,3,43,4
2014-10-24,1636.78125,152,248790.75,4,43,4
2014-10-25,1564.4035714285715,196,306623.10000000003,5,43,4
2014-10-26,1518.4049999999997,205,311273.02499999997,6,43,4
2014-10-27,1420.5925925925926,97,137797.4814814815,0,44,4
2014-10-28,1592.409090909091,88,140132.0,1,44,4
2014-10-29,1503.8166666666666,87,130832.04999999999,2,44,4
2014-10-30,1326.3923076923077,117,155187.9,3,44,4
2014-10-31,1525.4724137931034,176,268483.1448275862,4,44,4
2014-11-01,1564.495,275,430236.12499999994,5,44,4
2014-11-02,1559.8137837837837,223,347838.4737837838,6,44,4
2014-11-03,1589.2755263157894,208,330569.3094736842,0,45,4
2014-11-04,1525.7385294117648,175,267004.24264705885,1,45,4
2014-11-05,1545.2188461538462,117,180790.605,2,45,4
2014-11-06,1707.0714285714287,141,240697.07142857145,3,45,4
2014-11-07,1694.7357575757578,174,294884.02181818185,4,45,4
2014-11-08,1647.1845528456097,249,410148.9536585568,5,45,4
2014-11-09,1646.1008823529412,209,344035.0844117647,6,45,4
2014-11-10,1615.974193548387,107,172909.2387096774,0,46,4
2014-11-11,1770.608695652174,96,169978.4347826087,1,46,4
2014-11-12,1642.3155172413794,109,179012.39137931037,2,46,4
2014-11-13,1647.5918367346426,137,225720.08163264603,3,46,4
2014-11-14,1649.359375,166,273793.65625,4,46,4
2014-11-15,1605.6002325581394,251,403005.658372093,5,46,4
2014-11-16,1670.985142857143,215,359261.80571428576,6,46,4
2014-11-17,1625.8228571428572,110,178840.51428571428,0,47,4
2014-11-18,1689.8383928571427,157,265304.6276785714,1,47,4
2014-11-19,1663.8999999999999,163,271215.69999999995,2,47,4
2014-11-20,1860.6496874999998,194,360966.03937499993,3,47,4
2014-11-21,1673.4763235294117,207,346409.59897058824,4,47,4
2014-11-22,1872.5844144143243,272,509342.9607206962,5,47,4
2014-11-23,1690.8794871794873,228,385520.5230769231,6,47,4
2014-11-24,1555.8333333333333,134,208481.66666666666,0,48,4
2014-11-25,1874.1975,127,238023.0825,1,48,4
2014-11-26,1785.6776923076925,120,214281.3230769231,2,48,4
2014-11-27,1728.552122448857,135,233354.5365305957,3,48,4
2014-11-28,1758.2106060606059,187,328785.3833333333,4,48,4
2014-11-29,1722.82583333325,266,458271.6716666445,5,48,4
2014-11-30,1581.892857142857,208,329033.71428571426,6,48,4
2014-12-01,1566.5,119,186413.5,0,49,4
2014-12-02,1800.8233333333333,108,194488.91999999998,1,49,4
2014-12-03,1594.6464,103,164248.5792,2,49,4
2014-12-04,1605.304347826087,108,173372.8695652174,3,49,4
2014-12-05,1622.332,141,228748.812,4,49,4
2014-12-06,1592.8934210526315,269,428488.3302631579,5,49,4
2014-12-07,1872.7879999999998,227,425122.87599999993,6,49,4
2014-12-08,1690.423076923077,97,163971.03846153847,0,50,4
2014-12-09,1820.0454545454545,102,185644.63636363635,1,50,4
2014-12-10,1694.8166666666666,117,198293.55,2,50,4
2014-12-11,1859.3933333333334,150,278909.0,3,50,4
2014-12-12,1672.6059375,185,309432.0984375,4,50,4
2014-12-13,1765.8925,304,536831.32,5,50,4
2014-12-14,1710.0348484848485,249,425798.67727272725,6,50,4
2014-12-15,1783.7819444444444,186,331783.44166666665,0,51,4
2014-12-16,1532.0548387096774,161,246660.82903225804,1,51,4
2014-12-17,1622.3411764705882,191,309867.1647058823,2,51,4
2014-12-18,1689.5151428571428,218,368314.3011428571,3,51,4
2014-12-19,1631.6073809523812,248,404638.63047619053,4,51,4
2014-12-20,1493.507333333333,436,651169.1973333332,5,51,4
2014-12-21,1576.1742424242502,407,641502.9166666699,6,51,4
2014-12-22,1692.4714285714285,215,363881.35714285716,0,52,4
2014-12-23,1623.6766666666667,306,496845.06,1,52,4
2014-12-24,1622.0047619047618,250,405501.1904761905,2,52,4
2014-12-25,1599.612032520244,283,452690.20520322904,3,52,4
2014-12-26,1635.1882962962222,382,624641.929185157,4,52,4
2014-12-27,1586.3661805556249,634,1005756.1584722662,5,52,4
2014-12-28,1662.970818181818,562,934589.5998181817,6,52,4
2014-12-29,1760.3034,545,959365.353,0,1,4
2014-12-30,1649.2612499999998,709,1169326.2262499998,1,1,4
2014-12-31,1721.9325555555001,669,1151972.8796666295,2,1,4
2015-01-01,1774.96,147,260919.12,3,1,1
2015-01-02,1500.3240310076744,484,726156.8310077144,4,1,1
2015-01-03,1598.0887179487179,373,596087.0917948717,5,1,1
2015-01-04,1534.7278260869568,352,540224.1947826088,6,1,1
2015-01-05,1530.9665957446807,339,518997.67595744674,0,2,1
2015-01-06,1760.7033333333338,293,515886.07666666684,1,2,1
2015-01-07,1625.2256666666667,279,453437.961,2,2,1
2015-01-08,1529.9623529411765,241,368720.9270588235,3,2,1
2015-01-09,1550.1534285714285,258,399939.58457142854,4,2,1
2015-01-10,1504.0755172413794,238,357969.9731034483,5,2,1
2015-01-11,1670.9173333333335,185,309119.7066666667,6,2,1
2015-01-12,1568.0579411764706,130,203847.5323529412,0,3,1
2015-01-13,1706.9260000000002,111,189468.78600000002,1,3,1
2015-01-14,1672.5926923076925,137,229145.19884615386,2,3,1
2015-01-15,1468.76,127,186532.52,3,3,1
2015-01-16,1845.7407407407406,136,251020.74074074073,4,3,1
2015-01-17,1521.817142857143,276,420021.53142857144,5,3,1
2015-01-18,1691.4642857142858,236,399185.5714285714,6,3,1
2015-01-19,1701.0645161290322,98,166704.32258064515,0,4,1
2015-01-20,1412.3846153846155,106,149712.76923076925,1,4,1
2015-01-21,1630.6296296296296,97,158171.07407407407,2,4,1
2015-01-22,1644.2615384615385,99,162781.89230769232,3,4,1
2015-01-23,1638.142857142857,145,237530.7142857143,4,4,1
2015-01-24,1629.6193548387096,217,353627.39999999997,5,4,1
2015-01-25,1678.2903225806451,201,337336.3548387097,6,4,1
2015-01-26,1749.2592592592594,88,153934.81481481483,0,5,1
2015-01-27,1551.0,82,127182.0,1,5,1
2015-01-28,1521.8333333333333,82,124790.33333333333,2,5,1
2015-01-29,1554.3,73,113463.9,3,5,1
2015-01-30,1596.2962962962963,106,169207.40740740742,4,5,1
2015-01-31,1733.551724137931,203,351911.0,5,5,1
2015-02-01,1585.3903846153846,193,305980.34423076926,6,5,1
2015-02-02,1585.3181818181818,104,164873.0909090909,0,6,1
2015-02-03,1744.423076923077,86,150020.38461538462,1,6,1
2015-02-04,1733.095238095238,77,133448.33333333334,2,6,1
2015-02-05,1648.9583333333333,103,169842.7083333333,3,6,1
2015-02-06,1595.7777777777778,112,178727.11111111112,4,6,1
2015-02-07,1590.36,183,291035.88,5,6,1
2015-02-08,1645.5483870967741,157,258351.09677419355,6,6,1
2015-02-09,1713.75,78,133672.5,0,7,1
2015-02-10,1532.8433333333335,92,141021.58666666667,1,7,1
2015-02-11,1669.75,125,208718.75,2,7,1
2015-02-12,1564.0344827586207,132,206452.55172413794,3,7,1
2015-02-13,1763.0666666666666,154,271512.26666666666,4,7,1
2015-02-14,1496.78125,255,381679.21875,5,7,1
2015-02-15,1700.304347826087,178,302654.17391304346,6,7,1
2015-02-16,1521.5454545454545,81,123245.18181818181,0,8,1
2015-02-17,1614.25,97,156582.25,1,8,1
2015-02-18,1364.5185185185185,102,139180.88888888888,2,8,1
2015-02-19,1552.392857142857,105,163001.25,3,8,1
2015-02-20,1687.52,161,271690.72,4,8,1
2015-02-21,1668.8285714285714,284,473947.3142857143,5,8,1
2015-02-22,1566.0,299,468234.0,6,8,1
2015-02-23,1620.3769696969698,266,431020.273939394,0,9,1
2015-02-24,1624.6538461538462,107,173837.96153846153,1,9,1
2015-02-25,1523.225357142857,85,129474.15535714285,2,9,1
2015-02-26,1854.4444444444443,75,139083.3333333333,3,9,1
2015-02-27,1802.8,102,183885.6,4,9,1
2015-02-28,1565.8166666666666,199,311597.51666666666,5,9,1
2015-03-01,1717.0635714285713,167,286749.6164285714,6,9,1
2015-03-02,1695.64,80,135651.2,0,10,1
2015-03-03,1425.92,81,115499.52,1,10,1
2015-03-04,1707.9818181818182,83,141762.4909090909,2,10,1
2015-03-05,1474.82,90,132733.8,3,10,1
2015-03-06,1667.5,130,216775.0,4,10,1
2015-03-07,1619.8497142857143,232,375805.13371428574,5,10,1
2015-03-08,1570.8185714285714,177,278034.88714285713,6,10,1
2015-03-09,1503.8913333333335,130,195505.87333333335,0,11,1
2015-03-10,1690.6540909090909,78,131871.0190909091,1,11,1
2015-03-11,1647.8095238095239,62,102164.19047619047,2,11,1
2015-03-12,1723.7083333333333,88,151686.3333333333,3,11,1
2015-03-13,1752.349642857143,78,136683.27214285714,4,11,1
2015-03-14,1682.4591176470587,171,287700.5091176471,5,11,1
2015-03-15,1739.2567857142858,149,259149.2610714286,6,11,1
2015-03-16,1650.9545454545455,64,105661.09090909091,0,12,1
2015-03-17,1674.4545454545455,85,142328.63636363635,1,12,1
2015-03-18,1656.1818181818182,71,117588.90909090909,2,12,1
2015-03-19,1447.6521739130435,84,121602.78260869565,3,12,1
2015-03-20,1572.7916666666667,100,157279.1666666667,4,12,1
2015-03-21,1698.7586206896551,175,297282.7586206896,5,12,1
2015-03-22,1536.6774193548388,154,236648.32258064518,6,12,1
2015-03-23,1628.6153846153845,96,156347.0769230769,0,13,1
2015-03-24,1416.483870967742,111,157229.70967741936,1,13,1
2015-03-25,1388.1913333333334,118,163806.57733333335,2,13,1
2015-03-26,1553.9594594594594,141,219108.28378378376,3,13,1
2015-03-27,1550.8,113,175240.4,4,13,1
2015-03-28,1322.9175925925924,196,259291.84814814813,5,13,1
2015-03-29,1490.9321052631578,157,234076.3405263158,6,13,1
2015-03-30,1519.0454545454545,74,112409.36363636363,0,14,1
2015-03-31,1561.047619047619,72,112395.42857142857,1,14,1
2015-04-01,1356.0869565217392,66,89501.73913043478,2,14,2
2015-04-02,1179.4833333333333,79,93179.18333333333,3,14,2
2015-04-03,1320.9013157894738,107,141336.44078947368,4,14,2
2015-04-04,1375.8819999999998,183,251786.40599999996,5,14,2
2015-04-05,1504.7964102564101,141,212176.29384615383,6,14,2
2015-04-06,1673.8,64,107123.2,0,15,2
2015-04-07,1244.9867647058825,81,100843.92794117649,1,15,2
2015-04-08,1409.9175,50,70495.875,2,15,2
2015-04-09,1449.3040740740742,68,98552.67703703704,3,15,2
2015-04-10,1277.4919444444445,114,145634.08166666667,4,15,2
2015-04-11,1493.7945238095238,160,239007.1238095238,5,15,2
2015-04-12,1676.7269230769232,92,154258.87692307692,6,15,2
2015-04-13,1609.5862068965516,68,109451.8620689655,0,16,2
2015-04-14,1408.0153125,54,76032.826875,1,16,2
2015-04-15,1531.8396875,69,105696.93843750001,2,16,2
2015-04-16,1318.7254054054054,80,105498.03243243243,3,16,2
2015-04-17,1273.0401724137932,85,108208.41465517243,4,16,2
2015-04-18,1394.4159210526316,147,204979.14039473684,5,16,2
2015-04-19,1408.7596774193548,143,201452.63387096775,6,16,2
2015-04-20,1610.9130434782608,69,111152.99999999999,0,17,2
2015-04-21,1489.35,54,80424.9,1,17,2
2015-04-22,1517.1304347826087,53,80407.91304347826,2,17,2
2015-04-23,1646.2105263157894,61,100418.84210526315,3,17,2
2015-04-24,1658.8148148148148,110,182469.62962962964,4,17,2
2015-04-25,1587.6206896551723,127,201627.8275862069,5,17,2
2015-04-26,1706.4615384615386,121,206481.84615384616,6,17,2
2015-04-27,1422.7,50,71135.0,0,18,2
2015-04-28,1614.8157894736842,46,74281.52631578947,1,18,2
2015-04-29,1682.125,74,124477.25,2,18,2
2015-04-30,1636.927222222222,87,142412.66833333333,3,18,2
2015-05-01,1545.16291666675,148,228684.111666679,4,18,2
2015-05-02,1717.984411764706,115,197568.2073529412,5,18,2
2015-05-03,1580.625,145,229190.625,6,18,2
2015-05-04,1565.6333333334287,115,180047.83333334432,0,19,2
2015-05-05,1545.04,55,84977.2,1,19,2
2015-05-06,1390.9193548387098,83,115446.30645161291,2,19,2
2015-05-07,1532.9159999999997,70,107304.11999999998,3,19,2
2015-05-08,1588.6308333333334,94,149331.29833333334,4,19,2
2015-05-09,1506.5151515151515,79,119014.69696969698,5,19,2
2015-05-10,1615.8754838709676,96,155124.0464516129,6,19,2
2015-05-11,1617.825,93,150457.725,0,20,2
2015-05-12,1522.9259259259259,54,82238.0,1,20,2
2015-05-13,1345.3333333333333,49,65921.33333333333,2,20,2
2015-05-14,1512.4,62,93768.8,3,20,2
2015-05-15,1570.090909090909,56,87925.09090909091,4,20,2
2015-05-16,1494.381481481389,143,213696.55185183862,5,20,2
2015-05-17,1405.9311111111108,92,129345.66222222219,6,20,2
2015-05-18,1431.1535483870969,99,141684.20129032258,0,21,2
2015-05-19,1387.2323232324243,81,112365.81818182637,1,21,2
2015-05-20,1385.772894736842,109,151049.2455263158,2,21,2
2015-05-21,1410.1191452992307,118,166394.05914530923,3,21,2
2015-05-22,1368.7247474748485,104,142347.37373738425,4,21,2
2015-05-23,1493.4022101449998,194,289720.02876812994,5,21,2
2015-05-24,1556.7340416667498,154,239737.04241667947,6,21,2
2015-05-25,1373.5973076923076,94,129118.14692307691,0,22,2
2015-05-26,1680.78,84,141185.52,1,22,2
2015-05-27,1483.5964285714285,111,164679.20357142857,2,22,2
2015-05-28,1473.7539285714286,96,141480.37714285715,3,22,2
2015-05-29,1583.7326666666665,114,180545.52399999998,4,22,2
2015-05-30,1510.08,153,231042.24,5,22,2
2015-05-31,1551.7454629630554,134,207933.89203704943,6,22,2
2015-06-01,1286.5,16,20584.0,0,23,2
2015-06-02,1299.125,17,22085.125,1,23,2
2015-06-03,1911.5,15,28672.5,2,23,2
2015-06-04,1808.8,14,25323.2,3,23,2
2015-06-05,1243.2222222222222,21,26107.666666666664,4,23,2
2015-06-06,1481.0,22,32582.0,5,23,2
2015-06-07,1524.0,18,27432.0,6,23,2
2015-06-08,1513.357142857143,9,13620.214285714286,0,24,2
2015-06-09,1387.7222222222222,12,16652.666666666664,1,24,2
2015-06-10,1332.3958333333333,22,29312.708333333332,2,24,2
2015-06-11,1292.70625,24,31024.949999999997,3,24,2
2015-06-12,1475.3157894736842,32,47210.10526315789,4,24,2
2015-06-13,1172.1346153846155,20,23442.69230769231,5,24,2
2015-06-14,1191.732142857143,20,23834.64285714286,6,24,2
2015-06-15,1482.3333333333333,21,31129.0,0,25,2
2015-06-16,1198.8333333333333,7,8391.833333333332,1,25,2
2015-06-17,1611.4375,12,19337.25,2,25,2
2015-06-18,1393.95,19,26485.05,3,25,2
2015-06-19,1236.5625,20,24731.25,4,25,2
2015-06-20,1269.6666666666667,22,27932.666666666668,5,25,2
2015-06-21,1110.5384615384614,20,22210.769230769227,6,25,2
2015-06-22,1641.857142857143,10,16418.571428571428,0,26,2
2015-06-23,1470.2857142857142,9,13232.571428571428,1,26,2
2015-06-24,1636.5,16,26184.0,2,26,2
2015-06-25,1441.857142857143,15,21627.857142857145,3,26,2
2015-06-26,1187.9444444444443,18,21383.0,4,26,2
2015-06-27,1552.2233333333331,24,37253.35999999999,5,26,2
2015-06-28,1868.1666666666667,14,26154.333333333336,6,26,2
2015-06-29,1941.7142857142858,11,21358.857142857145,0,27,2
2015-06-30,1215.6666666666667,11,13372.333333333334,1,27,2
