Date,Revenue,GDP,UnemploymentRate
2013-01-01,189374.35076923078,2297128039058.16,1.3491742381277836
2013-01-02,819889.5089284983,2297497759981.086,1.338909769950061
2013-01-03,657055.5721830736,2297861872883.411,1.3303543189192002
2013-01-04,611457.8675757173,2298220373440.7417,1.323306557738671
2013-01-05,594650.4302666311,2298573257377.083,1.3175826714017151
2013-01-06,465689.12589281896,2298920520464.841,1.3130151625056274
2013-01-07,418260.19999998,2299262158524.8223,1.3094517228836149
2013-01-08,392324.67999999993,2299598167426.233,1.3067541684985748
2013-01-09,284151.41925924784,2299928543086.6807,1.304797434660974
2013-01-10,279748.1840909091,2300253281472.1733,1.3034686287470578
2013-01-11,351049.74666665203,2300572378597.116,1.302666137704001
2013-01-12,372418.46153846156,2300885830524.319,1.302298787735337
2013-01-13,374731.415102024,2301193633364.9893,1.3022850536632613
2013-01-14,266032.4138461539,2301495783278.736,1.3025523155642458
2013-01-15,352774.04867725866,2301792276473.567,1.3030361603709149
2013-01-16,326090.5372340426,2302083109205.8926,1.303679726226428
2013-01-17,331037.9978723405,2302368277780.521,1.304433087467788
2013-01-18,381819.8163580404,2302647778550.664,1.3052526782015803
2013-01-19,560874.9358208955,2302921607917.929,1.3061007525198158
2013-01-20,494774.2863888703,2303189762332.328,1.3069448794847958
2013-01-21,257178.25,2303452238292.2715,1.3077574710903972
2013-01-22,245736.6527777777,2303709032344.57,1.308515341482908
2013-01-23,232599.9342105263,2303960141084.435,1.309199295797647
2013-01-24,289866.5777777777,2304205561155.4785,1.3097937470381371
2013-01-25,302055.16346153984,2304445289249.712,1.3102863594926422
2013-01-26,483823.36868685187,2304679322107.5474,1.3106677172484915
2013-01-27,411820.86,2304907656517.7983,1.310931016427893
2013-01-28,213252.32363636358,2305130289317.676,1.3110717798299152
2013-01-29,252633.76666666663,2305347217392.7944,1.3110875927221113
2013-01-30,214097.2839534884,2305558437677.1675,1.310977858581855
2013-01-31,222341.5889423077,2305763947153.2085,1.310743573642036
2013-02-01,324616.39344262297,2305963742851.732,1.3103871191482537
2013-02-02,466853.76399122603,2306157821851.952,1.309912070285234
2013-02-03,333694.15372025303,2306346181281.4824,1.3093230207788396
2013-02-04,166615.02804878046,2306528818316.34,1.3086254222268665
2013-02-05,250944.6707317073,2306705730180.937,1.3078254372568614
2013-02-06,265153.4659090909,2306876914148.0933,1.30692980565249
2013-02-07,346691.39479968447,2307042367539.022,1.3059457226316076
2013-02-08,413206.9423728649,2307202087723.34,1.3048807284992119
2013-02-09,513031.394234216,2307356072119.0635,1.3037426089368545
2013-02-10,411148.694444446,2307504318192.61,1.3025393052270242
2013-02-11,344667.5005882463,2307646823458.7964,1.3012788337464447
2013-02-12,291067.03703702224,2307783585480.8403,1.2999692140962242
2013-02-13,382015.2807692308,2307914601870.359,1.2986184052694425
2013-02-14,327996.1300000001,2308039870287.371,1.2972342492880486
2013-02-15,329912.6223214285,2308159388440.2954,1.2958244217709391
2013-02-16,506834.6929577465,2308273154085.9497,1.2943963889238537
2013-02-17,502996.9004328989,2308381165029.553,1.2929573704692654
2013-02-18,263905.43516129034,2308483419124.726,1.291514308060831
2013-02-19,372177.54159201076,2308579914273.488,1.2900738387522122
2013-02-20,366625.13396825397,2308670648426.257,1.2886422731142662
2013-02-21,497182.5012176211,2308755619581.855,1.2872255776176895
2013-02-22,748809.1674051714,2308834825787.5024,1.2858293609203342
2013-02-23,884200.2093870976,2308908265138.82,1.2844588637195096
2013-02-24,528200.8538477015,2308975935779.829,1.2831189518497763
2013-02-25,297874.1255555421,2309037835902.951,1.2818141123259958
2013-02-26,312442.93818181823,2309093963749.0083,1.280548452049782
2013-02-27,281928.4517592592,2309144317607.2217,1.279325698915052
2013-02-28,245330.07925925925,2309188895815.2144,1.2781492050650756
2013-03-01,340769.8823529412,2309227696759.0093,1.2770219520693642
2013-03-02,590022.554,2309260718873.0293,1.2759465578039222
2013-03-03,463649.0823653379,2309287960640.098,1.2749252848328037
2013-03-04,339629.35592594,2309309420591.439,1.2739600501026962
2013-03-05,409106.99761907343,2309325097306.676,1.2730524357752535
2013-03-06,337059.6314516288,2309334989413.833,1.2722037010344076
2013-03-07,554702.7126273166,2309339095589.336,1.2714147947175576
2013-03-08,583716.2930109875,2309337414558.0093,1.2706863686308352
2013-03-09,537978.889556243,2309329945093.0767,1.2700187914191603
2013-03-10,444089.78777777776,2309316686016.165,1.2694121628719002
2013-03-11,246496.425,2309297636197.301,1.2688663285544481
2013-03-12,273257.3592000013,2309272794554.909,1.268380894665047
2013-03-13,561051.5744149635,2309242160055.817,1.2679552430246708
2013-03-14,476596.01098358794,2309205731715.2505,1.2675885461158531
2013-03-15,589242.5806451612,2309163508596.8374,1.2672797820939299
2013-03-16,732555.8448012047,2309115489812.6045,1.2670277497012759
2013-03-17,594184.544139344,2309061674522.9805,1.2668310830219434
2013-03-18,376856.8395348837,2309002061936.7925,1.2666882660203471
2013-03-19,371901.7762820529,2308936651311.269,1.2665976468136857
2013-03-20,366400.1753623017,2308865441952.04,1.2665574516333475
2013-03-21,320330.5641025641,2308788433213.132,1.2665657984358163
2013-03-22,493861.9725490196,2308705624496.976,1.2666207101284774
2013-03-23,632422.2986666667,2308617015254.401,1.2667201273803546
2013-03-24,529828.9741935291,2308522604984.6367,1.2668619209921221
2013-03-25,356289.68550724466,2308422393235.314,1.2670439038036616
2013-03-26,424785.8978261074,2308316379602.463,1.2672638421213076
2013-03-27,354288.9,2308204563730.514,1.2675194666501568
2013-03-28,456140.9419871614,2308086945312.299,1.2678084829203762
2013-03-29,515693.14444442344,2307963524089.0493,1.268128581199042
2013-03-30,701358.0763095471,2307834299850.396,1.2684774458821364
2013-03-31,495263.7156862745,2307699272434.372,1.26885276436354
2013-04-01,307774.6298780488,2307558441727.4087,1.2692522353805762
2013-04-02,270090.0709302325,2307411807664.34,1.2696735768373837
2013-04-03,280284.0857142857,2307259370228.397,1.2701145331095978
2013-04-04,270619.5227272727,2307101129451.216,1.2705728818356872
2013-04-05,368772.86683005,2306937085412.8267,1.2710464402016015
2013-04-06,504065.8718181818,2306767238241.666,1.2715330707270134
2013-04-07,497118.42857140716,2306591588114.5674,1.272030686562954
2013-04-08,241848.38513513515,2306410135256.765,1.2725372563112425
2013-04-09,264845.2333333333,2306222879941.8945,1.2730508083779335
2013-04-10,276735.13800000004,2306029822491.9897,1.273569434873088
2013-04-11,347113.6571428571,2305830963277.488,1.2740912950707393
2013-04-12,351345.68617021275,2305626302717.2217,1.2746146184429066
2013-04-13,490428.6095238075,2305415841278.431,1.2751377072828352
2013-04-14,428817.18579545757,2305199579476.75,1.2756589389322794
2013-04-15,220446.82894736843,2304977517876.2163,1.2761767676289568
2013-04-16,274079.3577380952,2304749657089.2656,1.276689725989956
2013-04-17,260926.65,2304515997776.737,1.277196426147132
2013-04-18,234084.1829268293,2304276540647.8667,1.277695560551331
2013-04-19,326973.53333336016,2304031286460.293,1.2781859024615347
2013-04-20,485764.1527777778,2303780236020.0547,1.2786663061357009
2013-04-21,401520.3,2303523390181.59,1.27913570673959
2013-04-22,221890.26315789472,2303260749847.7383,1.2795931199902033
2013-04-23,197448.33333333328,2302992315969.737,1.2800376415500665
2013-04-24,223773.60810810808,2302718089547.2275,1.2804684461882143
2013-04-25,228365.6315789473,2302438071628.249,1.2808847867243207
2013-04-26,343282.33333333326,2302152263309.2407,1.2812859927710742
2013-04-27,422253.47259256593,2301860665735.0454,1.2816714692904534
2013-04-28,394714.5476190476,2301563280098.9014,1.2820406949790908
2013-04-29,279415.935,2301260107642.451,1.2823932204967738
2013-04-30,330606.5454545455,2300951149655.735,1.282728666553448
2013-05-01,400358.9388888889,2300636407477.196,1.2830467218677801
2013-05-02,419146.65961536585,2300315882493.674,1.283347141010948
2013-05-03,355915.84528301883,2299989576140.413,1.2836297421495595
2013-05-04,285100.2523255814,2299657489901.055,1.2838944046989078
2013-05-05,275492.34,2299319625307.644,1.2841410669002955
2013-05-06,255625.74324324325,2298975983940.6206,1.2843697233334246
2013-05-07,244173.89189189192,2298626567428.831,1.284580422374594
2013-05-08,308558.1230769231,2298271377449.518,1.2847732636130371
2013-05-09,287358.156097561,2297910415728.325,1.2849483952339442
2013-05-10,260163.8713333461,2297543684039.2983,1.2851060113795758
2013-05-11,266264.70243902435,2297171184204.881,1.2852463494966486
2013-05-12,248246.62121212122,2296792918095.9185,1.2853696876793663
2013-05-13,169973.09142857144,2296408887631.6567,1.285476342016978
2013-05-14,197231.53846153847,2296019094779.7407,1.285566663952431
2013-05-15,230688.1030701739,2295623541556.2173,1.2856410376614291
2013-05-16,254163.20681818185,2295222230025.532,1.2856998774568695
2013-05-17,348638.6306666824,2294815162300.5312,1.285743625226637
2013-05-18,381585.4639393958,2294402340542.463,1.2857727479107628
2013-05-19,326334.77115383017,2293983766960.974,1.2857877350221127
2013-05-20,246660.88125,2293559443814.112,1.2857890962177605
2013-05-21,213005.64705882355,2293129373408.324,1.285777358924572
2013-05-22,251609.3162393013,2292693558098.459,1.2857530660232108
2013-05-23,239619.31714285712,2292252000287.765,1.2857167735960484
2013-05-24,278441.24000000005,2291804702427.892,1.2856690487398237
2013-05-25,432214.131410276,2291351667018.8867,1.2856104674488922
2013-05-26,408172.14905660384,2290892896609.201,1.2855416125710128
2013-05-27,266574.2933333333,2290428393795.684,1.2854630718365183
2013-05-28,238393.8112745116,2289958161223.584,1.2853754359650935
2013-05-29,208182.74761904762,2289482201586.5537,1.2852792968514768
2013-05-30,312589.6448113207,2289000517626.642,1.285175245830018
2013-05-31,324667.2509433963,2288513112134.3013,1.285063872021066
2013-06-01,460471.181818184,2288019987948.382,1.2849457607590589
2013-06-02,370256.53,2287521147956.1357,1.2848214921025811
2013-06-03,302652.7707317073,2287016595093.214,1.2846916394283237
2013-06-04,275316.2054054055,2286506332343.67,1.2845567681059786
2013-06-05,321666.56999999995,2285990362739.956,1.2844174342567225
2013-06-06,350192.7633333164,2285468689362.924,1.2842741835940226
2013-06-07,478524.84840422036,2284941315341.828,1.284127550345288
2013-06-08,603399.9559524079,2284408243854.321,1.28397805625276
2013-06-09,367099.05272727273,2283869478126.4565,1.2838262096575463
2013-06-10,278921.7391304348,2283325021432.689,1.2836725046564164
2013-06-11,310645.7142857143,2282774877095.873,1.283517420340902
2013-06-12,380691.90588235296,2282219048487.264,1.2833614201076606
2013-06-13,281481.3627906977,2281657539026.514,1.2832049510441812
2013-06-14,725791.5785995999,2281090352181.6816,1.2830484433863134
2013-06-15,688321.1060654209,2280517491469.2207,1.2828923100434249
2013-06-16,469003.409917637,2279938960453.9883,1.2827369461953635
2013-06-17,447239.10987940495,2279354762749.24,1.282582728950343
2013-06-18,448185.29578508117,2278764902016.632,1.2824300170700842
2013-06-19,402600.88717950456,2278169381966.22,1.282279150751906
2013-06-20,362210.0733695653,2277568206356.4644,1.2821304514749872
2013-06-21,463384.4031249914,2276961378994.22,1.2819842218971342
2013-06-22,505315.58884367975,2276348903734.7456,1.2818407458091947
2013-06-23,488018.4230769231,2275730784481.699,1.28170028813861
2013-06-24,279897.8402439024,2275107025187.139,1.281563095003304
2013-06-25,298817.145,2274477629851.524,1.2814293938104653
2013-06-26,237166.40406976745,2273842602523.713,1.2812993933994676
2013-06-27,274190.8,2273201947300.9653,1.281173284224563
2013-06-28,317026.39457365905,2272555668328.941,1.281051238579324
2013-06-29,354827.0725308491,2271903769801.699,1.2809334108540116
2013-06-30,359525.27282608696,2271246255961.701,1.2808199378248932
2013-07-01,323586.12903225806,2270583131099.8066,1.2807109389799238
2013-07-02,336717.9387754893,2269914399555.277,1.280606516865522
2013-07-03,284551.02645499853,2269240065715.773,1.2805067574670792
2013-07-04,311802.9377941177,2268560134017.3564,1.2804117306055818
2013-07-05,394246.1,2267874608944.4893,1.2803214903597295
2013-07-06,375079.25554054044,2267183495030.0327,1.2802360755048423
2013-07-07,416584.0640394325,2266486796855.2505,1.280155509968027
2013-07-08,266022.9166666875,2265784519049.8047,1.2800798033027871
2013-07-09,300217.05,2265076666291.7583,1.2800089511631203
2013-07-10,274453.10781611345,2264363243307.575,1.279942935805926
2013-07-11,255065.0666666667,2263644254872.118,1.2798817265792648
2013-07-12,331813.85625,2262919705808.652,1.2798252804393968
2013-07-13,375822.56432432437,2262189600988.8403,1.2797735424530376
2013-07-14,367155.58064516133,2261453945332.7485,1.2797264463129867
2013-07-15,287337.75666666665,2260712743808.841,1.279683914850946
2013-07-16,300875.8405714286,2259966001433.9824,1.2796458605478962
2013-07-17,274784.8965517241,2259213723273.4395,1.2796121860418728
2013-07-18,311340.12500002125,2258455914440.8774,1.2795827846374712
2013-07-19,300071.1212121212,2257692580098.3623,1.2795575407981532
2013-07-20,422773.35,2256923725456.361,1.2795363306432546
2013-07-21,325899.6661764706,2256149355773.74,1.2795190224289985
2013-07-22,335634.0,2255369476357.7656,1.2795054770236205
2013-07-23,325611.69677419355,2254584092564.1064,1.2794955483701105
2013-07-24,288846.0,2253793209796.83,1.2794890839362694
2013-07-25,232869.9545454545,2252996833508.4043,1.2794859251654167
2013-07-26,278610.11379310343,2252194969199.6963,1.2794859078838206
2013-07-27,363192.7857142857,2251387622419.9766,1.2794888627262957
2013-07-28,342785.10500000004,2250574798766.913,1.2794946155331155
2013-07-29,272135.11,2249756503886.575,1.2795029877284938
2013-07-30,269355.50259999995,2248932743473.4316,1.2795137966858907
2013-07-31,224014.89077586206,2248103523270.3545,1.2795268560813344
2013-08-01,284317.4566101681,2247268849068.612,1.2795419762194666
2013-08-02,302467.7297297297,2246428726707.875,1.2795589643568943
2013-08-03,358774.449090896,2245583162076.215,1.2795776250014437
2013-08-04,328232.1427272727,2244732161110.102,1.2795977601782833
2013-08-05,256851.8449074074,2243875729794.408,1.279619169722933
2013-08-06,250340.23076923078,2243013874162.4053,1.279641651491264
2013-08-07,241039.9165517241,2242146600295.765,1.2796650016176778
2013-08-08,255285.75300000003,2241273914324.56,1.2796890147016058
2013-08-09,268253.5909090909,2240395822427.263,1.279713484026639
2013-08-10,313676.1533898305,2239512330830.7466,1.2797382017125785
2013-08-11,266248.8633962264,2238623445810.284,1.2797629588924058
2013-08-12,238363.2,2237729173689.5493,1.2797875458445669
2013-08-13,252301.53560344825,2236829520840.6157,1.2798117521209618
2013-08-14,251805.68534482762,2235924493683.9585,1.2798353666701008
2013-08-15,282006.50655737706,2235014098688.452,1.2798581779102418
2013-08-16,325016.37313432834,2234098342371.369,1.2798799738279136
2013-08-17,361208.58293650794,2233177231298.3867,1.2799005420445362
2013-08-18,339794.4591780954,2232250772083.581,1.279919669860064
2013-08-19,298737.7748529412,2231318971389.4263,1.2799371442853822
2013-08-20,356631.35092307697,2230381835926.799,1.2799527520950256
2013-08-21,357713.9452175525,2229439372454.976,1.279966279817387
2013-08-22,393705.136,2228491587781.6333,1.279977513748044
2013-08-23,373080.2874444628,2227538488762.8467,1.2799862399425297
2013-08-24,505887.94102564093,2226580082303.0967,1.279992244207338
2013-08-25,404607.0535237927,2225616375355.2593,1.2799953120587724
2013-08-26,337782.42398148146,2224647374920.612,1.2799952287074263
2013-08-27,320798.6366666667,2223673088048.8325,1.2799917789929702
2013-08-28,457541.0849056806,2222693521838.0005,1.2799847473629151
2013-08-29,486707.8327083506,2221708683434.5947,1.2799739178089808
2013-08-30,478786.1923077116,2220718580033.494,1.2799590737931417
2013-08-31,549751.5489873417,2219723218877.9785,1.2799399982100652
2013-09-01,486881.6524050447,2218722607259.7275,1.2799164732965982
2013-09-02,360332.43902115,2217716752518.821,1.2798882805842642
2013-09-03,406335.0498153217,2216705662043.7393,1.2798552008136297
2013-09-04,346656.2222222664,2215689343271.3633,1.2798170138694671
2013-09-05,303486.67708334944,2214667803686.9736,1.279773498694824
2013-09-06,441172.9462903225,2213641050824.2524,1.279724433233022
2013-09-07,521189.2675989818,2212609092265.281,1.2796695943724758
2013-09-08,492811.9805555375,2211571935640.541,1.2796087578233544
2013-09-09,292987.6605932203,2210529588628.915,1.2795416981117558
2013-09-10,313732.175,2209482058957.685,1.2794681884807293
2013-09-11,376760.9507042104,2208429354402.536,1.2793880008346874
2013-09-12,230840.76529411765,2207371482787.5483,1.2793009057218807
2013-09-13,375808.6933636364,2206308451985.2065,1.279206672210425
2013-09-14,522651.948072894,2205240269916.3955,1.2791050679484022
2013-09-15,428024.300000016,2204166944550.398,1.27899585902021
2013-09-16,276227.51441860467,2203088483904.899,1.2788788099981128
2013-09-17,608386.2638720475,2202004896045.9834,1.278753683889008
2013-09-18,747939.558441083,2200916189088.1357,1.2786202421272408
2013-09-19,552994.8710794405,2199822371194.2417,1.2784782445696592
2013-09-20,656447.2723947789,2198723450575.588,1.2783274494953931
2013-09-21,710186.4874242188,2197619435491.8591,1.2781676136565143
2013-09-22,492814.189979,2196510334251.141,1.2779984922421972
2013-09-23,378863.2771167713,2195396155209.9219,1.277819838961325
2013-09-24,513301.7350323997,2194276906773.088,1.2776314060931653
2013-09-25,499430.49432561506,2193152597393.9265,1.2774329445156407
2013-09-26,544160.4251560697,2192023235574.1245,1.2772242038093045
2013-09-27,485983.74827268976,2190888829863.7705,1.277004932282933
2013-09-28,646180.3789253471,2189749388861.3518,1.276774877165021
2013-09-29,565914.705043823,2188604921213.758,1.2765337846006577
2013-09-30,403550.8570505445,2187455435616.277,1.2762813998352092
2013-10-01,379284.4219047779,2186300940812.5984,1.276017467351861
2013-10-02,334863.07600731053,2185141445594.812,1.2757417309403971
2013-10-03,366600.84042857407,2183976958803.4065,1.2754539339724138
2013-10-04,475258.12489063607,2182807489327.272,1.2751538194484346
2013-10-05,621439.0345814764,2181633046103.6992,1.274841130235426
2013-10-06,530865.5038195638,2180453638118.3792,1.274515609292289
2013-10-07,397747.1612903226,2179269274405.4016,1.2741769998173058
2013-10-08,305794.54374999995,2178079964047.2595,1.273825045447544
2013-10-09,635028.8210897164,2176885716174.8428,1.2734594906116306
2013-10-10,560849.8917065816,2175686539967.444,1.2730800806132896
2013-10-11,670953.3606157926,2174482444652.756,1.272686561964418
2013-10-12,723063.7446950575,2173273439506.8696,1.2722786826725871
2013-10-13,627861.3571428573,2172059533854.2795,1.2718561924715268
2013-10-14,383347.8659574468,2170840737067.8772,1.2714188430960265
2013-10-15,377264.0058823529,2169617058568.9573,1.2709663885983444
2013-10-16,359953.98214285716,2168388507827.2131,1.2704985857173177
2013-10-17,363952.1052631578,2167155094360.7388,1.2700151940003472
2013-10-18,457689.1314285714,2165916827736.0283,1.2695159764094797
2013-10-19,634845.5674603478,2164673717567.9768,1.2690006994027994
2013-10-20,559741.1881578948,2163425773519.8792,1.2684691333972304
2013-10-21,304575.591666645,2162173005303.43,1.2679210530499376
2013-10-22,290325.7851351351,2160915422678.7256,1.2673562377459002
2013-10-23,277588.5714285714,2159653035454.262,1.2667744718002334
2013-10-24,264461.9545454545,2158385853486.9348,1.2661755448894267
2013-10-25,447615.2,2157113886682.041,1.2655592524732129
2013-10-26,562703.0704175443,2155837144993.277,1.2649253960917306
2013-10-27,489426.081081081,2154555638422.741,1.2642737837809113
2013-10-28,293848.0,2153269377020.9287,1.2636042304697497
2013-10-29,557428.8092805578,2151978370886.74,1.2629165583503434
2013-10-30,751582.73723375,2150682630167.4712,1.262210597302466
2013-10-31,774455.840531548,2149382165058.8213,1.261486185186844
2013-11-01,788792.3861788859,2148076985804.889,1.260743168388161
2013-11-02,940000.9756097236,2146767102698.1736,1.2599814020105098
2013-11-03,734421.5151514781,2145452526079.5735,1.2592007505587979
2013-11-04,598260.8888888551,2144133266338.3896,1.2584010879892051
2013-11-05,574094.4,2142809333912.321,1.2575822982652003
2013-11-06,523580.3793103449,2141480739287.468,1.2567442758549203
2013-11-07,425212.3529411765,2140147492998.3315,1.2558869259255347
2013-11-08,555257.7272727273,2138809605627.8118,1.2550101647962029
2013-11-09,735776.8181818181,2137467087807.2107,1.2541139202379914
2013-11-10,561222.0,2136119950216.2292,1.25319813199857
2013-11-11,348952.2580645161,2134768203582.9695,1.2522627520388483
2013-11-12,291907.55555555556,2133411858683.9336,1.251307744891928
2013-11-13,291127.2,2132050926344.0237,1.2503330880669772
2013-11-14,240467.44230769234,2130685417436.5425,1.2493387722685343
2013-11-15,420172.5,2129315342883.193,1.248324801909523
2013-11-16,630218.9705882353,2127940713654.079,1.2472911953078285
2013-11-17,534325.9882352941,2126561540767.704,1.24623798483595
2013-11-18,391384.22222222225,2125177835290.972,1.2451652177453634
2013-11-19,342645.4956521739,2123789608339.1863,1.2440729556585934
2013-11-20,292727.5,2122396871076.0527,1.2429612755451496
2013-11-21,299088.5517241379,2120999634713.676,1.2418302696772128
2013-11-22,432885.2727272727,2119597910512.5603,1.2406800459747458
2013-11-23,577830.8393939395,2118191709781.6128,1.2395107278254134
2013-11-24,493696.1851851852,2116781043878.1382,1.2383224550152498
2013-11-25,346436.95238095237,2115365924207.8423,1.2371153833703898
2013-11-26,301197.5653846154,2113946362224.8325,1.2358896851126058
2013-11-27,249215.68,2112522369431.6152,1.2346455491283936
2013-11-28,195924.96,2111093957379.0972,1.2333831807658842
2013-11-29,338602.78260869556,2109661137666.5864,1.2321028026870822
2013-11-30,481693.3548387097,2108223921941.79,1.2308046539287425
2013-12-01,444339.6296296296,2106782321900.816,1.2294889910559637
2013-12-02,215076.65217391305,2105336349288.173,1.2281560874053028
2013-12-03,263496.1548387096,2103886015896.7695,1.2268062339887733
2013-12-04,274732.5696428571,2102431333567.9148,1.225439738482586
2013-12-05,286877.25,2100972314191.317,1.2240569260851757
2013-12-06,718718.2817150272,2099508969705.087,1.2226581393112923
2013-12-07,931779.1636363636,2098041312095.7336,1.2212437377110297
2013-12-08,669719.4951219511,2096569353398.1675,1.2198140979655174
2013-12-09,400346.68571428576,2095093105695.6992,1.2183696141411895
2013-12-10,500697.5,2093612581120.039,1.2169106970989858
2013-12-11,500110.2615384911,2092127791851.2988,1.2154377748762513
2013-12-12,450418.2222222222,2090638750117.9893,1.213951291715654
2013-12-13,518973.17592595203,2089145468197.0225,1.2124517092905314
2013-12-14,823048.5882352942,2087647958413.7104,1.2109395051943097
2013-12-15,731993.60000004,2086146233141.765,1.2094151733777103
2013-12-16,405061.44956140354,2084640304803.3,1.207879224185778
2013-12-17,405833.46475409827,2083130185868.827,1.2063321832244034
2013-12-18,441047.950819672,2081615888857.2595,1.2047745923997333
2013-12-19,533902.7076923078,2080097426335.912,1.203207008339612
2013-12-20,595578.6734848485,2078574810920.4976,1.2016300029744171
2013-12-21,869603.7478632219,2077048055275.1309,1.2000441628019507
2013-12-22,907685.3916666202,2075517172112.3264,1.1984500883851854
2013-12-23,579928.928282809,2073982174192.998,1.1968483951339752
2013-12-24,536073.2661290322,2072443074326.462,1.1952397112851485
2013-12-25,655569.1538194444,2070899885370.433,1.1936246785811409
2013-12-26,758936.8791666669,2069352620231.028,1.192003951172667
2013-12-27,944523.9816901408,2067801291862.7612,1.1903781963256626
2013-12-28,1276920.661103759,2066245913268.5503,1.1887480927244325
2013-12-29,1335489.9162886594,2064686497499.712,1.1871143303808782
2013-12-30,1345706.882940648,2063123057655.9624,1.1854776104068836
2013-12-31,1227389.208399919,2061555606885.4197,1.1838386445064406
2014-01-01,274686.34326923074,2059984158384.6008,1.182198153945588
2014-01-02,849679.0381596412,2058408725398.424,1.1805568690857482
2014-01-03,748537.9187763495,2056829321220.2068,1.1789155304785663
2014-01-04,671418.0055555556,2055245959191.669,1.1772748848926915
2014-01-05,559790.2105263157,2053658652702.9285,1.1756356882499714
2014-01-06,549123.3898305083,2052067415192.505,1.1739987026140395
2014-01-07,387718.00980392157,2050472260147.3171,1.1723646968749493
2014-01-08,462821.66666666674,2048873201102.6855,1.1707344451555552
2014-01-09,285533.821875,2047270251642.3303,1.1691087278930092
2014-01-10,297687.7711111111,2045663425398.3708,1.167488328619779
2014-01-11,405306.61982758617,2044052736051.329,1.1658740352128545
2014-01-12,322198.2188679245,2042438197330.1252,1.1642666389699
2014-01-13,275711.404347826,2040819823012.0813,1.1626669328383212
2014-01-14,277249.5923076923,2039197626922.9182,1.16107571236173
2014-01-15,266469.43023255817,2037571622936.7576,1.1594937734286737
2014-01-16,233074.3076923077,2035941824976.123,1.1579219125107865
2014-01-17,337681.1755102041,2034308247011.936,1.1563609256540024
2014-01-18,423135.4198113207,2032670903063.5195,1.1548116081175301
2014-01-19,373541.66666666657,2031029807198.5967,1.1532747524327371
2014-01-20,241290.36458333328,2029384973533.292,1.1517511493300776
2014-01-21,234659.9459459459,2027736416232.1284,1.1502415858374189
2014-01-22,233495.2653061225,2026084149508.0295,1.1487468452065783
2014-01-23,226135.125,2024428187622.321,1.1472677049872149
2014-01-24,303099.64255319146,2022768544884.7263,1.1458049384432332
2014-01-25,436584.5672131147,2021105235653.372,1.1443593120260271
2014-01-26,390281.0142857143,2019438274334.7815,1.1429315851472843
2014-01-27,259308.47011494136,2017767675383.8823,1.1415225084970395
2014-01-28,307977.58846152696,2016093453303.999,1.1401328258889567
2014-01-29,290512.44959523703,2014415622646.8591,1.1387632710832487
2014-01-30,247438.2702732356,2012734198012.5881,1.1374145677298595
2014-01-31,387191.8950383022,2011049194049.713,1.1360874294055006
2014-02-01,539334.3553854198,2009360625455.1616,1.1347825572330847
2014-02-02,376076.4815384459,2007668506974.2617,1.1335006413793356
2014-02-03,254204.04533333328,2005972853400.74,1.1322423590195425
2014-02-04,262619.1644067797,2004273679576.7256,1.131008372647209
2014-02-05,237708.8133018741,2002571000392.7463,1.1297993315131398
2014-02-06,278414.3754385965,2000864830787.7317,1.1286158712537884
2014-02-07,274760.20161691646,1999155185749.0095,1.1274586094344106
2014-02-08,436479.9261965797,1997442080312.3103,1.1263281497563966
2014-02-09,384552.9375000167,1995725529561.764,1.125225077194967
2014-02-10,235818.252295082,1994005548629.8992,1.1241499608933403
2014-02-11,202523.385,1992282152697.647,1.1231033512106057
2014-02-12,237870.5133333458,1990555356994.3384,1.1220857797901729
2014-02-13,275229.06930180284,1988825176797.704,1.1210977600957939
2014-02-14,328803.53637679963,1987091627433.8745,1.120139785054067
2014-02-15,482561.8667647058,1985354724277.3818,1.1192123268873926
2014-02-16,397947.0770238247,1983614482751.1587,1.1183158381517695
2014-02-17,243044.5214,1981870918326.536,1.1174507503240965
2014-02-18,252637.7446405359,1980124046523.2468,1.1166174705850571
2014-02-19,250578.88267973988,1978373882909.424,1.1158163870225448
2014-02-20,296910.7381127439,1976620443101.6008,1.1150478635692578
2014-02-21,408301.4495298861,1974863742764.71,1.1143122409665485
2014-02-22,628019.3417395174,1973103797612.0852,1.1136098380403328
2014-02-23,632087.4364558717,1971340623405.4617,1.1129409476480978
2014-02-24,206208.5897435897,1969574235954.973,1.1123058375006432
2014-02-25,150316.12741935483,1967804651119.153,1.1117047564097875
2014-02-26,183446.44666666663,1966031884804.9382,1.1111379217867927
2014-02-27,194614.8,1964255952967.6624,1.1106055290484984
2014-02-28,322868.79073759256,1962476871611.0625,1.1101077495372251
2014-03-01,530827.2410714285,1960694656787.2732,1.1096447258792528
2014-03-02,403220.0106382979,1958909324596.8318,1.1092165771663984
2014-03-03,249191.8105263158,1957120891188.6743,1.1088233953092137
2014-03-04,241796.49,1955329372760.1367,1.10846524803369
2014-03-05,268179.6296296296,1953534785556.958,1.1081421732822592
2014-03-06,300918.9472853584,1951737145873.2744,1.107854186447833
2014-03-07,467776.89373276546,1949936470051.6235,1.1076012744319363
2014-03-08,476317.9059748231,1948132774482.9436,1.1073833978622218
2014-03-09,387247.67904760287,1946326075606.5732,1.1072004912083817
2014-03-10,309947.0341880166,1944516389910.2507,1.1070524617629025
2014-03-11,237148.92857142852,1942703733930.116,1.1069391935955184
2014-03-12,189437.89166666663,1940888124250.7068,1.1068605402085157
2014-03-13,209268.02553191487,1939069577504.9644,1.106816329180847
2014-03-14,452415.56113000796,1937248110374.2275,1.1068063659930951
2014-03-15,565788.5563218028,1935423739588.2368,1.1068304254083174
2014-03-16,484092.125,1933596481925.1328,1.1068882606421269
2014-03-17,364692.8415300328,1931766354211.4563,1.1069795952673172
2014-03-18,299386.30952382146,1929933373322.1484,1.1071041307438814
2014-03-19,256619.3601190727,1928097556180.551,1.107261540311487
2014-03-20,325167.9391025392,1926258919758.4053,1.1074514766978558
2014-03-21,415923.9412568443,1924417481075.854,1.107673563047378
2014-03-22,534611.0826388575,1922573257201.4387,1.1079274014563707
2014-03-23,399025.1885964912,1920726265252.1028,1.1082125697430236
2014-03-24,226195.6769230769,1918876522393.189,1.1085286243704906
2014-03-25,216033.0735294117,1917024045838.4404,1.1088750926300652
2014-03-26,220978.61309523808,1915168852850.0007,1.1092514848038684
2014-03-27,249674.6813953488,1913310960738.4155,1.1096572886498328
2014-03-28,247728.3076923077,1911450386862.6265,1.1100919660567743
2014-03-29,391833.73409090907,1909587148629.9795,1.1105549633197258
2014-03-30,334675.03333333327,1907721263496.2192,1.1110456997208265
2014-03-31,175751.42857142858,1905852748965.491,1.1115635820575838
2014-04-01,150364.84848484848,1903981622590.3403,1.112107995495828
2014-04-02,156107.0322580645,1902107901971.7131,1.1126783015527306
2014-04-03,171699.74705882356,1900231604758.9548,1.1132738444830963
2014-04-04,230142.73333333328,1898352748649.8125,1.1138939565542871
2014-04-05,470585.7636363635,1896471351390.4329,1.1145379473620212
2014-04-06,300227.95384615386,1894587430775.3623,1.1152051142677213
2014-04-07,155076.7931034483,1892701004647.5493,1.1158947370323191
2014-04-08,128627.33333333336,1890812090898.3408,1.1166060776170634
2014-04-09,186895.6125,1888920707467.4849,1.117338391423198
2014-04-10,194091.0,1887026872343.1296,1.118090910486396
2014-04-11,234024.18285714282,1885130603561.824,1.1188628618623022
2014-04-12,352425.58333333343,1883231919208.5168,1.1196534606263648
2014-04-13,300056.15,1881330837416.557,1.1204619030855671
2014-04-14,189804.834375,1879427376367.6943,1.121287384415314
2014-04-15,121071.375,1877521554292.0789,1.1221290861266595
2014-04-16,181097.6875,1875613389468.2605,1.122986177398472
2014-04-17,226798.0536585365,1873702900223.1892,1.1238578266460186
2014-04-18,187586.2068965517,1871790104932.2168,1.1247431882978811
2014-04-19,325669.21875,1869875022019.0935,1.1256414194506563
2014-04-20,259640.2678571429,1867957669955.9717,1.1265516599491892
2014-04-21,149998.93333333332,1866038067263.4016,1.1274730532285029
2014-04-22,151306.42647058825,1864116232510.336,1.128404739016443
2014-04-23,139984.0,1862192184314.1277,1.1293458540379198
2014-04-24,130407.375,1860265941340.5288,1.1302955222738216
2014-04-25,144518.4,1858337522303.692,1.1312528848475791
2014-04-26,335181.5923076923,1856406945966.1704,1.1322170678098142
2014-04-27,303070.37647058826,1854474231138.9185,1.1331872065018556
2014-04-28,164212.359375,1852539396681.2896,1.1341624331301536
2014-04-29,147477.3076923077,1850602461501.038,1.1351418794072643
2014-04-30,222163.27777777766,1848663444554.3176,1.1361246930068505
2014-05-01,246167.0689655173,1846722364845.6848,1.1371100095560456
2014-05-02,252685.80740740735,1844779241428.0923,1.138096980980854
2014-05-03,248659.90625,1842834093402.8977,1.1390847533214827
2014-05-04,210878.75,1840886939919.8557,1.1400724979761292
2014-05-05,177118.0,1838937800177.1223,1.1410593734775314
2014-05-06,140269.06666666668,1836986693421.2544,1.1420445595853168
2014-05-07,135042.43666666668,1835033638947.208,1.143027230990894
2014-05-08,226038.85128205124,1833078656098.34,1.1440066000677227
2014-05-09,188073.4,1831121764266.4084,1.1449818552119218
2014-05-10,273157.13333333336,1829162982891.5703,1.145952219301012
2014-05-11,242950.6573529412,1827202331462.384,1.1469169212920634
2014-05-12,130633.2,1825239829515.8071,1.1478751973296393
2014-05-13,121895.01,1823275496637.1985,1.1488263090551063
2014-05-14,114536.28571428572,1821309352460.317,1.1497695162030108
2014-05-15,148260.4740740741,1819341416667.3215,1.1507041076616942
2014-05-16,246184.4324324324,1817371708988.772,1.1516293803589934
2014-05-17,301092.9358974359,1815400249203.628,1.1525446478289312
2014-05-18,292730.0243902439,1813427057139.2488,1.1534492429447436
2014-05-19,151563.20714285714,1811452152671.396,1.1543425194005834
2014-05-20,198353.4273809668,1809475555724.2288,1.1552238415355558
2014-05-21,215784.10595238087,1807497286270.31,1.1560925960267034
2014-05-22,212088.06666666668,1805517364330.6,1.1569481825754544
2014-05-23,230546.76923076922,1803535809974.46,1.1577900391716218
2014-05-24,336549.8370370577,1801552643319.6528,1.1586176036803613
2014-05-25,300404.8783783784,1799567884532.34,1.1594303321899682
2014-05-26,183547.525,1797581553827.0842,1.1602277284614155
2014-05-27,692341.5477705165,1795593671466.8486,1.1610092985318936
2014-05-28,432543.87108842155,1793604257762.9958,1.1617745685246568
2014-05-29,426979.32657805865,1791613333075.29,1.1625230853640702
2014-05-30,444524.60714285716,1789620917811.8943,1.1632544408515415
2014-05-31,477880.0878378378,1787627032429.3735,1.1639682185751812
2014-06-01,414669.405,1785631697432.6914,1.1646640517594924
2014-06-02,277342.57058823534,1783634933375.2131,1.165341583905683
2014-06-03,289476.5641025641,1781636760858.7031,1.1660004806944155
2014-06-04,278356.5,1779637200533.3271,1.166640432292822
2014-06-05,224003.0909090909,1777636273097.6511,1.1672611702076798
2014-06-06,296703.05000001745,1775633999298.6404,1.167862423243672
2014-06-07,338331.63636363635,1773630399931.6616,1.1684439638299688
2014-06-08,308322.95,1771625495840.4812,1.1690055904448575
2014-06-09,255565.06451612906,1769619307917.2659,1.1695471072761796
2014-06-10,268690.31111111114,1767611857102.5835,1.1700683638986007
2014-06-11,311703.7972222222,1765603164385.401,1.1705692191424486
2014-06-12,420157.3384615384,1763593250803.086,1.1710495648541883
2014-06-13,296178.3366666667,1761582137441.4072,1.1715093170457085
2014-06-14,218173.52592592602,1759569845434.5327,1.1719484197673071
2014-06-15,265535.7527777778,1757556395965.0315,1.1723668276334094
2014-06-16,258588.36666666676,1755541810263.8723,1.1727645409944445
2014-06-17,212378.925,1753526109610.4246,1.1731415579780309
2014-06-18,230312.85882352944,1751509315332.458,1.173497928094073
2014-06-19,245691.91304347827,1749491448806.143,1.173833694511642
2014-06-20,234772.4444444445,1747472531456.0493,1.1741489714239186
2014-06-21,351907.9200000001,1745452584755.1477,1.1744438316585468
2014-06-22,309332.6594594595,1743431630224.8088,1.1747184175939225
2014-06-23,201613.04642857146,1741409689434.8042,1.1749728851512096
2014-06-24,258497.2058823529,1739386784003.3057,1.1752074153858258
2014-06-25,220240.71428571426,1737362935596.8848,1.1754221751932978
2014-06-26,230784.83870967745,1735338165930.5132,1.1756174267162165
2014-06-27,207983.70967741945,1733312496767.564,1.1757933697432197
2014-06-28,400477.2571428571,1731285949919.81,1.1759502859508741
2014-06-29,277608.0,1729258547247.4238,1.1760884478522555
2014-06-30,270440.62258064514,1727230310658.9795,1.1762081336783194
2014-07-01,209316.89655172406,1725201262111.45,1.1763097002384812
2014-07-02,221780.6323529412,1723171423610.2097,1.176393444757173
2014-07-03,292456.96505374485,1721140817209.0327,1.176459752051923
2014-07-04,297032.9572916481,1719109465010.0942,1.1765089777996596
2014-07-05,315843.5,1717077389163.9688,1.176541518586809
2014-07-06,255307.75000001732,1715044611869.6316,1.1765577535347316
2014-07-07,204688.53548387095,1713011155374.4585,1.1765581301442734
2014-07-08,238498.32363636364,1710977041974.2246,1.1765430819694014
2014-07-09,284645.38,1708942294013.1074,1.1765130307916338
2014-07-10,249037.18842105265,1706906933883.682,1.1764684488706678
2014-07-11,261626.975238112,1704870984026.9265,1.176409831363881
2014-07-12,339514.34999999986,1702834466932.2168,1.1763376308189455
2014-07-13,317289.6,1700797405137.331,1.176252360195147
2014-07-14,232571.2121212121,1698759821228.4468,1.1761545273442
2014-07-15,226601.96551724136,1696721737840.1418,1.1760446568166
2014-07-16,204678.3329032258,1694683177655.3955,1.1759232707940146
2014-07-17,236458.80375,1692644163405.585,1.1757908705078846
2014-07-18,225322.776,1690604717870.4907,1.1756480327260344
2014-07-19,317981.2508333333,1688564863878.2908,1.1754953043761516
2014-07-20,316724.28472222225,1686524624305.5654,1.1753332111699086
2014-07-21,204298.21666666665,1684484022077.2944,1.1751623372319528
2014-07-22,230232.4882352941,1682443080166.8582,1.174983224683572
2014-07-23,220242.64705883825,1680401821596.0364,1.1747964638479471
2014-07-24,277891.2192982613,1678360269435.0107,1.174602601789544
2014-07-25,215484.32258064515,1676318446802.3623,1.1744022053082124
2014-07-26,286557.25694444444,1674276376865.0718,1.1741958481189785
2014-07-27,264324.2027777778,1672234082838.5225,1.1739841195053118
2014-07-28,219159.7822580645,1670191587986.4946,1.1737675728088546
2014-07-29,164569.31034482757,1668148915621.172,1.1735467489998253
2014-07-30,192288.4615384616,1666106089103.1365,1.173322269808497
2014-07-31,186859.4,1664063131841.3716,1.1730946565823572
2014-08-01,216645.4153846154,1662020067293.2605,1.1728644590916202
2014-08-02,263913.8924731164,1659976918964.586,1.1726322871831187
2014-08-03,232362.88392857145,1657933710409.5332,1.172398622860032
2014-08-04,210557.8636363636,1655890465230.686,1.17216405983121
2014-08-05,212943.0413793104,1653847207079.0288,1.1719290918512082
2014-08-06,206719.5483870968,1651803959653.9463,1.1716942743047658
2014-08-07,182831.22222222228,1649760746703.224,1.171460097255425
2014-08-08,242163.36351351356,1647717592023.0474,1.1712270904093762
2014-08-09,255232.1058823529,1645674519458.002,1.1709957489648395
2014-08-10,245054.53125,1643631552901.0742,1.1707665950285913
2014-08-11,219645.7587662325,1641588716293.65,1.1705400511100277
2014-08-12,249905.9271240733,1639546033625.5166,1.1703166171601909
2014-08-13,215294.93245665875,1637503528934.8608,1.1700967395735906
2014-08-14,246582.31888888765,1635461226308.27,1.1698808376458256
2014-08-15,273741.54265625,1633419149880.732,1.169669381560716
2014-08-16,338646.9604477611,1631377323835.6345,1.1694627646484268
2014-08-17,315344.6408955223,1629335772404.7651,1.1692613634213125
2014-08-18,219987.69642857145,1627294519868.3137,1.1690656015359016
2014-08-19,296262.1685454545,1625253590554.869,1.168875837507377
2014-08-20,273831.2016959196,1623213008841.419,1.1686923827241495
2014-08-21,303711.4828571585,1621172799153.3545,1.1685156501712886
2014-08-22,245664.98666668,1619132985964.4648,1.1683458844811625
2014-08-23,326495.50242645486,1617093593796.94,1.1681834341722332
2014-08-24,296586.87211267604,1615054647221.3706,1.1680285650037447
2014-08-25,186375.70118181818,1613016170856.7476,1.1678815339988242
2014-08-26,252467.99475,1610978189370.4614,1.1677426289784212
2014-08-27,229843.57777777663,1608940727478.3042,1.1676120181106178
2014-08-28,290527.8373376602,1606903809944.4673,1.167489999030604
2014-08-29,257884.6437499987,1604867461581.5422,1.1673766497823337
2014-08-30,331983.806617662,1602831707250.5222,1.1672722642963376
2014-08-31,346577.4412719286,1600796571860.7988,1.1671769043183788
2014-09-01,247342.4120679025,1598762080370.166,1.1670907532316874
2014-09-02,169693.34219444534,1596728257784.8164,1.1670139350108897
2014-09-03,190488.43738130786,1594695129159.3438,1.1669465312405158
2014-09-04,170152.50434782606,1592662719596.7417,1.1668885872357653
2014-09-05,179199.37083333335,1590631054248.4043,1.166840203649222
2014-09-06,283063.952173913,1588600158314.1265,1.1668013956947805
2014-09-07,289195.5863333345,1586570057042.103,1.1667722097604871
2014-09-08,141072.8260869565,1584540775728.9282,1.1667525853391405
2014-09-09,170309.25806452835,1582512339719.5986,1.166742515667377
2014-09-10,203046.5428571429,1580484774407.5088,1.1667420691163086
2014-09-11,235509.1111111111,1578458105234.4556,1.1667510579553964
2014-09-12,275025.5444444445,1576432357690.6353,1.1667695145287913
2014-09-13,389354.7428571429,1574407557314.644,1.1667972288077348
2014-09-14,376269.8843137021,1572383729693.479,1.1668341947135903
2014-09-15,183858.6615384616,1570360900462.5376,1.1668802242087253
2014-09-16,147349.63157894733,1568339095305.6172,1.166935172473945
2014-09-17,150882.36800000002,1566318339954.916,1.1669988969043752
2014-09-18,166810.5,1564298660191.0315,1.1670712062352606
2014-09-19,187938.42083333328,1562280081842.9631,1.1671519168191482
2014-09-20,336737.0,1560262630788.1091,1.1672407986849638
2014-09-21,250439.1810344828,1558246332952.2688,1.1673376527786483
2014-09-22,139320.19999999998,1556231214309.6414,1.1674422178058304
2014-09-23,212664.29411764702,1554217300882.8264,1.167554165855691
2014-09-24,212057.41379310345,1552204618742.8247,1.1676733737283511
2014-09-25,259685.1978543945,1550193194009.036,1.1677994397322993
2014-09-26,265388.1034482962,1548183052849.2612,1.1679321359291914
2014-09-27,364849.3859648918,1546174221479.7012,1.168071130984622
2014-09-28,284297.14285714284,1544166726164.9573,1.1682160542471225
2014-09-29,136633.5,1542160593218.0308,1.168366733990217
2014-09-30,167559.5,1540155849000.3242,1.1685226219154383
2014-10-01,167194.9344,1538152519921.6394,1.168683493202339
2014-10-02,184328.155,1536150632440.1792,1.168848980676192
2014-10-03,260077.3426666488,1534150213062.5457,1.1690186548849957
2014-10-04,396940.14162162156,1532151288343.7432,1.1691922303549305
2014-10-05,351185.9214285714,1530153884887.1738,1.1693693053839642
2014-10-06,169127.43333333332,1528158029344.6423,1.1695494961262294
2014-10-07,198670.62148148147,1526163748416.3523,1.1697323196751213
2014-10-08,154604.8,1524171068850.9084,1.1699175373127575
2014-10-09,162121.59999999998,1522180017445.3157,1.1701046467441465
2014-10-10,237317.1641176471,1520190621044.978,1.1702932591161954
2014-10-11,398722.9207317074,1518202906543.702,1.170482970609931
2014-10-12,338634.8,1516216900883.6924,1.1706734296208512
2014-10-13,179544.4444444445,1514232631055.5554,1.1708641184836384
2014-10-14,194156.8,1512250124098.2974,1.171054798326043
2014-10-15,193847.30952382355,1510269407099.3247,1.1712449558274636
2014-10-16,229407.14285714284,1508290507194.4443,1.171434182017152
2014-10-17,250379.15555557105,1506313451567.8635,1.1716221352906675
2014-10-18,436600.2309523809,1504338267452.1897,1.1718083947020186
2014-10-19,377836.33333333343,1502364982128.4304,1.1719926015199822
2014-10-20,166861.76,1500393622925.9946,1.1721743352537377
2014-10-21,166062.96,1498424217222.6897,1.1723531985219653
2014-10-22,192804.47241379312,1496456792444.7246,1.1725288114166788
2014-10-23,172583.8071428571,1494491376066.709,1.172700924189663
2014-10-24,248790.75,1492527995611.6514,1.1728690989914885
2014-10-25,306623.10000000003,1490566678650.9622,1.1730329068948917
2014-10-26,311273.025,1488607452804.451,1.1731921481331122
2014-10-27,137797.48148148152,1486650345740.3281,1.1733463704461982
2014-10-28,140132.0,1484695385175.204,1.1734954465734209
2014-10-29,130832.05,1482742598874.0894,1.1736389048973532
2014-10-30,155187.9,1480792014650.396,1.173776428121608
2014-10-31,268483.1448275862,1478843660365.9355,1.173907929145572
2014-11-01,430236.125,1476897563930.919,1.1740329653254251
2014-11-02,347838.4737837838,1474953753303.9592,1.1741513296044863
2014-11-03,330569.30947368423,1473012256492.0684,1.1742626982939912
2014-11-04,267004.24264705885,1471073101550.6592,1.1743670003161193
2014-11-05,180790.605,1469136316583.5444,1.1744639482518524
2014-11-06,240697.07142857145,1467201929742.9382,1.1745533493281417
2014-11-07,294884.02181818185,1465269969229.4536,1.1746351038334395
2014-11-08,410148.9536585568,1463340463292.1047,1.1747088972484336
2014-11-09,344035.0844117647,1461413440228.3062,1.174774709618624
2014-11-10,172909.2387096774,1459488928383.8718,1.1748324103387295
2014-11-11,169978.4347826087,1457566956153.018,1.1748818409695678
2014-11-12,179012.39137931034,1455647551978.3591,1.1749228389987123
2014-11-13,225720.0816326461,1453730744350.9102,1.174955476796832
2014-11-14,273793.65625,1451816561810.0874,1.174979688653834
2014-11-15,403005.658372093,1449905032943.7073,1.174995419273095
2014-11-16,359261.80571428576,1447996186387.9858,1.1750025894109897
2014-11-17,178840.51428571425,1446090050827.541,1.1750011732697443
2014-11-18,265304.6276785714,1444186654995.3884,1.1749913507023375
2014-11-19,271215.69999999995,1442286027672.9463,1.174973083989732
2014-11-20,360966.03937499993,1440388197690.032,1.1749463286330706
2014-11-21,346409.59897058824,1438493193924.8638,1.1749113469468022
2014-11-22,509342.9607206962,1436601045304.0596,1.1748681458607986
2014-11-23,385520.5230769231,1434711780802.639,1.174816817545126
2014-11-24,208481.66666666663,1432825429444.0195,1.1747574706732893
2014-11-25,238023.0825,1430942020300.0215,1.1746902582927128
2014-11-26,214281.3230769231,1429061582490.8647,1.1746155286118998
2014-11-27,233354.5365305957,1427184145185.1682,1.1745333058588492
2014-11-28,328785.3833333333,1425309737599.9526,1.1744438378081503
2014-11-29,458271.6716666445,1423438389000.6382,1.1743472547503189
2014-11-30,329033.71428571426,1421570128701.046,1.1742440886853418
2014-12-01,186413.5,1419704986063.3977,1.17413418779629
2014-12-02,194488.92,1417842990498.3137,1.1740181758498165
2014-12-03,164248.5792,1415984171464.816,1.1738962203600345
2014-12-04,173372.8695652174,1414128558470.327,1.1737684628668004
2014-12-05,228748.812,1412276181070.669,1.1736355626476038
2014-12-06,428488.3302631579,1410427068870.0642,1.1734975783330028
2014-12-07,425122.87599999993,1408581251521.1362,1.1733549052805143
2014-12-08,163971.03846153847,1406738758724.9082,1.1732080528004962
2014-12-09,185644.63636363635,1404899620230.8037,1.173057294053981
2014-12-10,198293.55,1403063865836.6462,1.1729031159781298
2014-12-11,278909.0,1401231525388.6606,1.1727455687675847
2014-12-12,309432.0984375,1399402628781.4712,1.172585469285586
2014-12-13,536831.32,1397577205958.1023,1.1724231120528694
2014-12-14,425798.67727272725,1395755286909.9802,1.1722589613138716
2014-12-15,331783.44166666665,1393936901676.9294,1.172093458065928
2014-12-16,246660.82903225804,1392122080347.1765,1.1719267663409052
2014-12-17,309867.1647058823,1390310853057.3462,1.1717597203838486
2014-12-18,368314.3011428571,1388503249992.4663,1.1715925003143892
2014-12-19,404638.6304761905,1386699301385.963,1.1714259221740435
2014-12-20,651169.1973333332,1384899037519.663,1.17126005147184
2014-12-21,641502.9166666699,1383102488723.794,1.1710954921932073
2014-12-22,363881.35714285716,1381309685376.9836,1.1709329586135897
2014-12-23,496845.06,1379520657906.2598,1.1707727751516186
2014-12-24,405501.1904761905,1377735436787.0503,1.170615304520313
2014-12-25,452690.205203229,1375954052543.1846,1.170461339285895
2014-12-26,624641.9291851571,1374176535746.8909,1.1703106115338984
2014-12-27,1005756.1584722664,1372402917018.7988,1.1701645288167164
2014-12-28,934589.5998181816,1370633227027.9375,1.1700231091325326
2014-12-29,959365.353,1368867496491.7363,1.1698869987542166
2014-12-30,1169326.2262499998,1367105756176.0264,1.169756531418458
2014-12-31,1151972.8796666295,1365348036895.0376,1.1696321979040425
2015-01-01,260919.12,1363594369511.401,1.1695143397989731
2015-01-02,726156.8310077144,1361844784936.147,1.1694036661837977
2015-01-03,596087.0917948717,1360099314128.7073,1.169300447273343
2015-01-04,540224.1947826088,1358357988096.914,1.169205238061239
2015-01-05,518997.67595744674,1356620837896.9983,1.1691182981749704
2015-01-06,515886.0766666669,1354887894633.5933,1.16904029356317
2015-01-07,453437.961,1353159189459.731,1.1689714394395987
2015-01-08,368720.9270588235,1351434753576.8442,1.1689123234948329
2015-01-09,399939.58457142854,1349714618234.7666,1.168862944605184
2015-01-10,357969.9731034483,1347998814731.7314,1.168824593816705
2015-01-11,309119.7066666667,1346287374414.3726,1.1687967760667393
2015-01-12,203847.5323529412,1344580328677.724,1.1687798733848422
2015-01-13,189468.78600000002,1342877708965.2207,1.1687749008443014
2015-01-14,229145.19884615386,1341179546768.6973,1.1687812499257524
2015-01-15,186532.52,1339485873628.3884,1.1687998665792694
2015-01-16,251020.74074074073,1337796721132.9294,1.168830704432664
2015-01-17,420021.5314285713,1336112120919.3564,1.1688746780743848
2015-01-18,399185.5714285714,1334432104673.1057,1.168931529107346
2015-01-19,166704.32258064515,1332756704128.0127,1.1690016253007889
2015-01-20,149712.76923076925,1331085951066.3147,1.169085094792807
2015-01-21,158171.07407407407,1329419877318.6484,1.1691822137387724
2015-01-22,162781.89230769232,1327758514764.0508,1.1692935432105194
2015-01-23,237530.7142857143,1326101895329.9602,1.169418721716208
2015-01-24,353627.4,1324450050992.2136,1.1695585235341417
2015-01-25,337336.3548387097,1322803013775.0498,1.1697122917706009
2015-01-26,153934.81481481483,1321160815751.1067,1.1698805207003926
2015-01-27,127182.0,1319523489041.4236,1.1700639422388657
2015-01-28,124790.33333333331,1317891065815.4397,1.1702622920108967
2015-01-29,113463.9,1316263578290.9937,1.1704748724218248
2015-01-30,169207.40740740742,1314641058734.3262,1.1707024177704357
2015-01-31,351911.0,1313023539460.077,1.1709454232216352
2015-02-01,305980.3442307693,1311411052831.2856,1.171203511167522
2015-02-02,164873.0909090909,1309803631259.3936,1.1714762309852689
2015-02-03,150020.38461538462,1308201307204.2417,1.1717645731176562
2015-02-04,133448.33333333337,1306604113174.0708,1.1720674355466705
2015-02-05,169842.7083333333,1305012081725.5234,1.1723854032986143
2015-02-06,178727.11111111112,1303425245463.6404,1.1727187574622944
2015-02-07,291035.88,1301843637041.8645,1.1730670656586346
2015-02-08,258351.09677419355,1300267289162.0383,1.1734296666391435
2015-02-09,133672.5,1298696234574.4043,1.1738075451053314
2015-02-10,141021.58666666667,1297130506077.606,1.1742003483127708
2015-02-11,208718.75,1295570136518.6863,1.1746075613202769
2015-02-12,206452.551724138,1294015158793.0894,1.1750292263436724
2015-02-13,271512.26666666666,1292465605844.6592,1.17546553437883
2015-02-14,381679.21875,1290921510665.64,1.1759157802454034
2015-02-15,302654.17391304346,1289382906296.6772,1.176380043891543
2015-02-16,123245.1818181818,1287849825826.815,1.176858762221626
2015-02-17,156582.25,1286322302393.4983,1.177351344209864
2015-02-18,139180.88888888888,1284800369182.5742,1.1778571257578243
2015-02-19,163001.25,1283284059428.287,1.1783768621164523
2015-02-20,271690.72,1281773406413.2842,1.178909201657498
2015-02-21,473947.3142857143,1280268443468.611,1.1794554159249309
2015-02-22,468234.0,1278769203973.7158,1.1800141664967896
2015-02-23,431020.273939394,1277275721356.4448,1.180585768332829
2015-02-24,173837.96153846153,1275788029093.0457,1.1811703141407774
2015-02-25,129474.15535714285,1274306160708.1665,1.1817674814089798
2015-02-26,139083.3333333333,1272830149774.8547,1.1823765951111362
2015-02-27,183885.6,1271360029914.559,1.1829977319791591
2015-02-28,311597.51666666666,1269895834797.129,1.1836306067283373
2015-03-01,286749.6164285714,1268437598140.812,1.1842756341047975
2015-03-02,135651.2,1266985353712.2583,1.1849313776793642
2015-03-03,115499.52,1265539135326.518,1.1855992372743456
2015-03-04,141762.4909090909,1264098976847.04,1.1862781932747124
2015-03-05,132733.8,1262664912185.6758,1.1869679898480048
2015-03-06,216775.0,1261236975302.6743,1.1876689508655929
2015-03-07,375805.1337142858,1259815200206.688,1.1883806937555093
2015-03-08,278034.88714285713,1258399620954.767,1.1891030034199814
2015-03-09,195505.8733333333,1256990271652.3635,1.1898351916160939
2015-03-10,131871.0190909091,1255587186453.329,1.1905785923041616
2015-03-11,102164.19047619047,1254190399559.916,1.1913321394377347
2015-03-12,151686.3333333333,1252799945222.7764,1.1920958425277302
2015-03-13,136683.27214285714,1251415857740.963,1.1928689703972315
2015-03-14,287700.50911764713,1250038171461.929,1.193652254104298
2015-03-15,259149.2610714286,1248666920781.5278,1.194445190803607
2015-03-16,105661.09090909091,1247302140144.0132,1.1952485313665702
2015-03-17,142328.63636363635,1245943864042.0386,1.1960615330358084
2015-03-18,117588.90909090909,1244592127016.6592,1.196883404670499
2015-03-19,121602.78260869565,1243246963657.3286,1.1977165178063236
2015-03-20,157279.1666666667,1241908408601.902,1.1985587552557313
2015-03-21,297282.7586206896,1240576496536.6355,1.1994092369948797
2015-03-22,236648.32258064518,1239251262196.1838,1.2002698749602376
2015-03-23,156347.0769230769,1237932740363.6028,1.2011412060650821
2015-03-24,157229.70967741936,1236620965870.349,1.2020203329801222
2015-03-25,163806.57733333335,1235315973596.2783,1.2029101818264365
2015-03-26,219108.28378378376,1234017798469.6477,1.203808709773174
2015-03-27,175240.4,1232726475467.1147,1.2047177473322754
2015-03-28,259291.8481481481,1231442039613.7363,1.205635800484928
2015-03-29,234076.3405263158,1230164525982.97,1.2065628172838088
2015-03-30,112409.36363636363,1228893969696.674,1.2075004456900604
2015-03-31,112395.42857142855,1227630405925.1074,1.2084478621977013
2015-04-01,89501.73913043477,1226373869886.9272,1.2094038156505795
2015-04-02,93179.18333333332,1225124396849.1938,1.2103696565535162
2015-04-03,141336.44078947368,1223882022127.3655,1.211346672137279
2015-04-04,251786.40600000002,1222646781085.3027,1.2123319602001603
2015-04-05,212176.29384615386,1221418709135.265,1.2133272849927412
2015-04-06,107123.2,1220197841737.912,1.2143313390622654
2015-04-07,100843.92794117649,1218984214402.3047,1.2153459326028508
2015-04-08,70495.875,1217777862685.9038,1.2163688863732158
2015-04-09,98552.67703703704,1216578822194.5703,1.2174035188059773
2015-04-10,145634.0816666667,1215387128582.566,1.2184453591514544
2015-04-11,239007.1238095238,1214202817552.5522,1.2194974176536637
2015-04-12,154258.87692307692,1213025924855.5913,1.2205599113980807
2015-04-13,109451.8620689655,1211856486291.1453,1.2216307867086074
2015-04-14,76032.826875,1210694537707.0771,1.2227104426373177
2015-04-15,105696.9384375,1209540114999.6494,1.2237987821033625
2015-04-16,105498.03243243245,1208393254113.526,1.2248962858741297
2015-04-17,108208.41465517244,1207253991041.7698,1.2260017372622027
2015-04-18,204979.14039473684,1206122361825.8452,1.2271155244302183
2015-04-19,201452.63387096766,1204998402555.6162,1.2282386553478422
2015-04-20,111153.0,1203882149369.3477,1.2293674886176087
2015-04-21,80424.9,1202773638453.7036,1.2305045815298603
2015-04-22,80407.91304347826,1201672906043.7505,1.2316492201786984
2015-04-23,100418.84210526316,1200579988422.952,1.2327997855638524
2015-04-24,182469.62962962964,1199494921923.1758,1.233955717651503
2015-04-25,201627.82758620693,1198417742924.6863,1.235118559896578
2015-04-26,206481.84615384613,1197348487856.1511,1.236285232135537
2015-04-27,71135.0,1196287193194.6365,1.2374582332487538
2015-04-28,74281.52631578947,1195233895465.6091,1.2386338931794023
2015-04-29,124477.25,1194188631242.9363,1.239812531871009
2015-04-30,142412.6683333333,1193151437148.8865,1.2409956629461734
2015-05-01,228684.11166667895,1192122349854.1265,1.2421786058563902
2015-05-02,197568.20735294122,1191101406077.725,1.2433649687454629
2015-05-03,229190.625,1190088642587.1516,1.2445522407211431
2015-05-04,180047.83333334434,1189084096198.2734,1.245737993667543
2015-05-05,84977.2,1188087803775.3604,1.2469206430675392
2015-05-06,115446.30645161292,1187099802231.0825,1.2481048115004632
2015-05-07,107304.11999999998,1186120128526.5083,1.249284439976477
2015-05-08,149331.29833333337,1185148819671.1094,1.2504618266848706
2015-05-09,119014.69696969698,1184185912722.7551,1.2516326351008444
2015-05-10,155124.0464516129,1183231444787.7166,1.2527998301354968
2015-05-11,150457.725,1182285453020.6648,1.2539594357379404
2015-05-12,82238.0,1181347974624.671,1.2551111007808249
2015-05-13,65921.33333333331,1180419046851.2068,1.2562572147631932
2015-05-14,93768.8,1179498707000.1443,1.2573892637060693
2015-05-15,87925.09090909091,1178586992419.756,1.258515454765568
2015-05-16,213696.55185183862,1177683940506.7136,1.2596296839028458
2015-05-17,129345.6622222222,1176789588706.0908,1.2607311561901726
2015-05-18,141684.20129032258,1175903974511.3608,1.2618196238325037
2015-05-19,112365.81818182637,1175027135464.3965,1.2628934409598598
2015-05-20,151049.2455263158,1174159109155.4724,1.263953262060314
2015-05-21,166394.05914530926,1173299933223.2625,1.265001019145123
2015-05-22,142347.37373738425,1172449645354.8408,1.2660280023385142
2015-05-23,289720.02876812994,1171608283285.682,1.267040991752754
2015-05-24,239737.0424166795,1170775884799.662,1.2680348883183925
2015-05-25,129118.14692307693,1169952487729.0554,1.2690129293377306
2015-05-26,141185.52,1169138129954.538,1.2699744740618002
2015-05-27,164679.20357142854,1168332849405.1863,1.27091595019973
2015-05-28,141480.37714285715,1167536684058.4758,1.271840087745781
2015-05-29,180545.52399999998,1166749671940.2842,1.2727445906342991
2015-05-30,231042.24,1165971851124.8867,1.2736292496432162
2015-05-31,207933.89203704946,1165203259734.9624,1.2744989565488825
2015-06-01,20584.0,1164443935941.588,1.2753528092978559
2015-06-02,22085.125,1163693917964.2407,1.2761842018245921
2015-06-03,28672.5,1162953244070.7996,1.2770014358951205
2015-06-04,25323.2,1162221952577.5427,1.2778030283903736
2015-06-05,26107.666666666664,1161500081849.1497,1.278591351557424
2015-06-06,32582.0,1160787670298.6982,1.2793669685932696
2015-06-07,27432.0,1160084756387.6682,1.2801290107181085
2015-06-08,13620.214285714286,1159391378625.94,1.2808831470182291
2015-06-09,16652.666666666664,1158707575571.7932,1.2816253991575428
2015-06-10,29312.70833333333,1158033385831.908,1.2823621043941087
2015-06-11,31024.95,1157368848061.365,1.2830974924772605
2015-06-12,47210.10526315789,1156714000963.6453,1.2838269807126117
2015-06-13,23442.69230769231,1156068883290.63,1.2845582355731957
2015-06-14,23834.642857142866,1155433533842.6008,1.28529420849612
2015-06-15,31129.0,1154807991468.2395,1.2860343764059787
2015-06-16,8391.833333333332,1154192295064.629,1.2867813366778271
2015-06-17,19337.25,1153586483577.2502,1.2875389644297228
2015-06-18,26485.05,1152990595999.9878,1.2883159373532462
2015-06-19,24731.25,1152404671375.1233,1.2891072250096045
2015-06-20,27932.66666666667,1151828748793.3408,1.2899149257400264
2015-06-21,22210.769230769227,1151262867393.7246,1.2907522214868123
2015-06-22,16418.571428571428,1150707066363.7578,1.2916118522006328
2015-06-23,13232.571428571428,1150161384939.3252,1.2924963170305597
2015-06-24,26184.0,1149625862404.7114,1.2934172033342324
2015-06-25,21627.857142857145,1149100538092.6013,1.294369038296532
2015-06-26,21383.0,1148585451384.0806,1.2953507825317736
2015-06-27,37253.35999999999,1148080641708.6345,1.2963711445219253
2015-06-28,26154.333333333336,1147586148544.1484,1.297425498413793
2015-06-29,21358.857142857145,1147102011416.9097,1.2985175833642508
2015-06-30,13372.333333333336,1146628269901.6038,1.2996421715306024
