Date,Price,Freq,Invoice,Dayofweek,GDP,IMOEX,RubinDolar
2013-01-01,1479.4871153846154,128,189374.35076923078,1,2297128039058.16,1526.98,0.0327
2013-01-02,1561.694302720949,525,819889.5089284983,2,2297497759981.086,1526.98,0.0327
2013-01-03,1483.195422535155,443,657055.5721830736,3,2297861872883.411,1526.98,0.0331
2013-01-04,1532.4758585857574,399,611457.8675757173,4,2298220373440.7417,1526.98,0.033
2013-01-05,1490.3519555554667,399,594650.4302666311,5,2298573257377.083,1526.98,0.033
2013-01-06,1450.7449404760714,321,465689.12589281896,6,2298920520464.841,1526.98,0.033
2013-01-07,1452.2923611110416,288,418260.19999998,0,2299262158524.8223,1526.98,0.033
2013-01-08,1486.0783333333331,264,392324.67999999993,1,2299598167426.233,1526.98,0.0329
2013-01-09,1527.6958024690741,186,284151.41925924784,2,2299928543086.6807,1576.1,0.033
2013-01-10,1472.3588636363636,190,279748.1840909091,3,2300253281472.1733,1568.59,0.0329
2013-01-11,1595.6806666666002,220,351049.74666665203,4,2300572378597.116,1572.0,0.0331
2013-01-12,1454.7596153846155,256,372418.46153846156,5,2300885830524.319,1572.0,0.0331
2013-01-13,1523.2984353740815,246,374731.41510202404,6,2301193633364.9893,1572.0,0.0331
2013-01-14,1430.281794871795,186,266032.4138461539,0,2301495783278.736,1571.73,0.033
2013-01-15,1494.8052910053336,236,352774.04867725866,1,2301792276473.567,1590.21,0.0331
2013-01-16,1530.9414893617022,213,326090.5372340426,2,2302083109205.8926,1576.54,0.033
2013-01-17,1390.9159574468085,238,331037.9978723405,3,2302368277780.521,1571.15,0.033
2013-01-18,1503.2276234568521,254,381819.8163580404,4,2302647778550.664,1585.44,0.0331
2013-01-19,1427.1626865671642,393,560874.9358208955,5,2302921607917.929,1585.44,0.0331
2013-01-20,1481.3601388888333,334,494774.2863888703,6,2303189762332.328,1585.44,0.0331
2013-01-21,1436.75,179,257178.25,0,2303452238292.2715,1603.44,0.033
2013-01-22,1350.201388888889,182,245736.65277777772,1,2303709032344.57,1600.13,0.033
2013-01-23,1500.6447368421052,155,232599.9342105263,2,2303960141084.435,1589.02,0.0331
2013-01-24,1478.911111111111,196,289866.5777777777,3,2304205561155.4785,1605.36,0.0331
2013-01-25,1418.0993589743655,213,302055.16346153984,4,2304445289249.712,1604.66,0.0332
2013-01-26,1461.7020202019696,331,483823.36868685187,5,2304679322107.5474,1604.66,0.0332
2013-01-27,1536.645,268,411820.86,6,2304907656517.7983,1604.66,0.0332
2013-01-28,1239.8390909090908,172,213252.32363636358,0,2305130289317.676,1618.84,0.0333
2013-01-29,1395.7666666666669,181,252633.76666666663,1,2305347217392.7944,1635.5,0.0331
2013-01-30,1289.7426744186043,166,214097.2839534884,2,2305558437677.1675,1623.87,0.0333
2013-01-31,1270.5233653846153,175,222341.5889423077,3,2305763947153.2085,1618.71,0.0333
2013-02-01,1363.9344262295085,238,324616.39344262297,4,2305963742851.732,1621.71,0.0333
2013-02-02,1286.098523391807,363,466853.76399122603,5,2306157821851.952,1621.71,0.0333
2013-02-03,1329.4587797619645,251,333694.15372025303,6,2306346181281.4824,1621.71,0.0333
2013-02-04,1243.395731707317,134,166615.02804878046,0,2306528818316.34,1628.26,0.0335
2013-02-05,1476.1451219512194,170,250944.6707317073,1,2306705730180.937,1612.52,0.0332
2013-02-06,1359.7613636363635,195,265153.4659090909,2,2306876914148.0933,1614.09,0.0334
2013-02-07,1438.5535053928816,241,346691.39479968447,3,2307042367539.022,1602.99,0.0332
2013-02-08,1434.7463276835592,288,413206.9423728649,4,2307202087723.34,1595.36,0.0331
2013-02-09,1394.1070495494998,368,513031.394234216,5,2307356072119.0635,1595.36,0.0331
2013-02-10,1326.286111111116,310,411148.694444446,6,2307504318192.61,1595.36,0.0331
2013-02-11,1389.7883088235735,248,344667.5005882463,0,2307646823458.7964,1590.13,0.0331
2013-02-12,1455.3351851851114,200,291067.03703702224,1,2307783585480.8403,1581.95,0.0332
2013-02-13,1515.933653846154,252,382015.2807692308,2,2307914601870.359,1582.35,0.0333
2013-02-14,1490.8915000000004,220,327996.1300000001,3,2308039870287.371,1612.55,0.0333
2013-02-15,1264.0330357142855,261,329912.6223214285,4,2308159388440.2954,1588.31,0.0332
2013-02-16,1423.692957746479,356,506834.6929577465,5,2308273154085.9497,1588.31,0.0332
2013-02-17,1359.451082251078,370,502996.9004328989,6,2308381165029.553,1588.31,0.0332
2013-02-18,1274.9054838709676,207,263905.43516129034,0,2308483419124.726,1577.26,0.0332
2013-02-19,1274.580621890448,292,372177.54159201076,1,2308579914273.488,1578.65,0.0332
2013-02-20,1206.00373015873,304,366625.13396825397,2,2308670648426.257,1592.74,0.0332
2013-02-21,1354.720711764635,367,497182.5012176211,3,2308755619581.855,1582.63,0.033
2013-02-22,1384.120457310853,541,748809.1674051714,4,2308834825787.5024,1545.59,0.0329
2013-02-23,1327.6279420226692,666,884200.2093870976,5,2308908265138.82,1545.59,0.0329
2013-02-24,1237.0043415637035,427,528200.8538477015,6,2308975935779.829,1545.59,0.0329
2013-02-25,1235.9922222221664,241,297874.1255555421,0,2309037835902.951,1551.04,0.0329
2013-02-26,1312.7854545454545,238,312442.93818181823,1,2309093963749.0083,1565.07,0.0327
2013-02-27,1275.6943518518515,221,281928.4517592592,2,2309144317607.2217,1531.66,0.0327
2013-02-28,1333.315648148148,184,245330.07925925925,3,2309188895815.2144,1530.38,0.0327
2013-03-01,1331.1323529411764,256,340769.8823529412,4,2309227696759.0093,1534.41,0.0326
2013-03-02,1375.3439487179487,429,590022.554,5,2309260718873.0293,1534.41,0.0326
2013-03-03,1295.1091686182624,358,463649.0823653379,6,2309287960640.098,1534.41,0.0326
2013-03-04,1489.6024382716666,228,339629.35592594,0,2309309420591.439,1509.8,0.0326
2013-03-05,1430.4440476191378,286,409106.99761907343,1,2309325097306.676,1498.79,0.0325
2013-03-06,1248.369005376403,270,337059.6314516288,2,2309334989413.833,1523.34,0.0327
2013-03-07,1376.433530092597,403,554702.7126273166,3,2309339095589.336,1529.32,0.0325
2013-03-08,1351.195122710619,432,583716.2930109875,4,2309337414558.0093,1529.32,0.0326
2013-03-09,1361.971872294286,395,537978.889556243,5,2309329945093.0767,1529.32,0.0326
2013-03-10,1349.8169841269842,329,444089.78777777776,6,2309316686016.165,1529.32,0.0326
2013-03-11,1346.975,183,246496.425,0,2309297636197.301,1532.09,0.0325
2013-03-12,1445.80613333334,189,273257.3592000013,1,2309272794554.909,1539.87,0.0326
2013-03-13,1508.2031570294714,372,561051.5744149635,2,2309242160055.817,1542.55,0.0326
2013-03-14,1542.3819125682458,309,476596.01098358794,3,2309205731715.2505,1531.14,0.0325
2013-03-15,1534.485887096774,384,589242.5806451612,4,2309163508596.8374,1535.73,0.0325
2013-03-16,1439.2059819277108,509,732555.8448012047,5,2309115489812.6045,1535.73,0.0325
2013-03-17,1519.6535655737705,391,594184.544139344,6,2309061674522.9805,1535.73,0.0325
2013-03-18,1531.9383720930234,246,376856.8395348837,0,2309002061936.7925,1537.66,0.0326
2013-03-19,1543.160897435904,241,371901.7762820529,1,2308936651311.269,1494.3,0.0325
2013-03-20,1552.5431159419566,236,366400.1753623017,2,2308865441952.04,1478.82,0.0322
2013-03-21,1496.8717948717951,214,320330.5641025641,3,2308788433213.132,1489.34,0.0324
2013-03-22,1593.103137254902,310,493861.9725490196,4,2308705624496.976,1485.73,0.0323
2013-03-23,1411.6569166666668,448,632422.2986666667,5,2308617015254.401,1485.73,0.0323
2013-03-24,1471.7471505375809,360,529828.9741935291,6,2308522604984.6367,1485.73,0.0323
2013-03-25,1664.9050724637605,214,356289.68550724466,0,2308422393235.314,1470.91,0.0325
2013-03-26,1506.3329710145651,282,424785.8978261074,1,2308316379602.463,1458.8,0.0323
2013-03-27,1567.65,226,354288.9,2,2308204563730.514,1445.46,0.0324
2013-03-28,1611.8054487178852,283,456140.9419871614,3,2308086945312.299,1446.04,0.0322
2013-03-29,1696.3590277777084,304,515693.14444442344,4,2307963524089.0493,1454.72,0.0321
2013-03-30,1601.27414682545,438,701358.0763095471,5,2307834299850.396,1454.72,0.0321
2013-03-31,1639.9460784313724,302,495263.7156862745,6,2307699272434.372,1454.72,0.0321
2013-04-01,1628.4371951219516,189,307774.6298780488,0,2307558441727.4087,1460.04,0.0322
2013-04-02,1617.3058139534885,167,270090.0709302325,1,2307411807664.34,1445.57,0.0322
2013-04-03,1658.4857142857145,169,280284.0857142857,2,2307259370228.397,1440.1,0.0319
2013-04-04,1591.8795454545457,170,270619.5227272727,3,2307101129451.216,1425.99,0.0316
2013-04-05,1569.24624183,235,368772.86683005,4,2306937085412.8267,1419.45,0.0316
2013-04-06,1560.5754545454545,323,504065.8718181818,5,2306767238241.666,1419.45,0.0316
2013-04-07,1578.1537414965308,315,497118.42857140716,6,2306591588114.5674,1419.45,0.0316
2013-04-08,1560.3121621621622,155,241848.38513513515,0,2306410135256.765,1411.09,0.0317
2013-04-09,1463.2333333333331,181,264845.2333333333,1,2306222879941.8945,1419.63,0.032
2013-04-10,1299.226,213,276735.13800000004,2,2306029822491.9897,1439.46,0.0322
2013-04-11,1637.3285714285712,212,347113.6571428571,3,2305830963277.488,1453.81,0.0324
2013-04-12,1445.8670212765958,243,351345.68617021275,4,2305626302717.2217,1433.08,0.0324
2013-04-13,1393.2630952380896,352,490428.6095238075,5,2305415841278.431,1433.08,0.0324
2013-04-14,1327.607386363646,323,428817.18579545757,6,2305199579476.75,1433.08,0.0324
2013-04-15,1360.782894736842,162,220446.82894736843,0,2304977517876.2163,1405.47,0.0322
2013-04-16,1514.2505952380955,181,274079.3577380952,1,2304749657089.2656,1366.53,0.0317
2013-04-17,1449.5925,180,260926.65,2,2304515997776.737,1356.65,0.032
2013-04-18,1453.9390243902442,161,234084.1829268293,3,2304276540647.8667,1327.92,0.0314
2013-04-19,1506.7904761905993,217,326973.53333336016,4,2304031286460.293,1327.55,0.0317
2013-04-20,1408.0120370370366,345,485764.15277777775,5,2303780236020.0547,1327.55,0.0317
2013-04-21,1356.4875,296,401520.3,6,2303523390181.59,1327.55,0.0317
2013-04-22,1305.2368421052631,170,221890.26315789472,0,2303260749847.7383,1336.46,0.0316
2013-04-23,1265.6944444444443,156,197448.33333333328,1,2302992315969.737,1329.14,0.0317
2013-04-24,1348.0337837837835,166,223773.60810810808,2,2302718089547.2275,1333.89,0.0316
2013-04-25,1195.6315789473686,191,228365.63157894733,3,2302438071628.249,1375.4,0.0318
2013-04-26,1320.3166666666666,260,343282.33333333326,4,2302152263309.2407,1387.98,0.0321
2013-04-27,1287.3581481480671,328,422253.47259256593,5,2301860665735.0454,1387.98,0.0321
2013-04-28,1472.8154761904761,268,394714.5476190476,6,2301563280098.9014,1387.98,0.0321
2013-04-29,1418.355,197,279415.935,0,2301260107642.451,1382.22,0.032
2013-04-30,1291.4318181818182,256,330606.5454545455,1,2300951149655.735,1387.54,0.0323
2013-05-01,1287.3277777777778,311,400358.9388888889,2,2300636407477.196,1387.54,0.0321
2013-05-02,1425.6689102563464,294,419146.65961536585,3,2300315882493.674,1407.21,0.0319
2013-05-03,1374.1924528301884,259,355915.84528301883,4,2299989576140.413,1387.47,0.0321
2013-05-04,1338.4988372093026,213,285100.2523255814,5,2299657489901.055,1387.47,0.0321
2013-05-05,1275.4275000000002,216,275492.34,6,2299319625307.644,1387.47,0.0321
2013-05-06,1345.3986486486488,190,255625.74324324325,0,2298975983940.6206,1429.86,0.0322
2013-05-07,1349.027027027027,181,244173.89189189192,1,2298626567428.831,1432.15,0.0322
2013-05-08,1347.4153846153845,229,308558.1230769231,2,2298271377449.518,1451.84,0.0322
2013-05-09,1342.7951219512195,214,287358.156097561,3,2297910415728.325,1451.84,0.0321
2013-05-10,1347.9993333333998,193,260163.87133334612,4,2297543684039.2983,1452.17,0.032
2013-05-11,1311.6487804878047,203,266264.70243902435,5,2297171184204.881,1452.17,0.032
2013-05-12,1394.6439393939395,178,248246.62121212122,6,2296792918095.9185,1452.17,0.032
2013-05-13,1249.8021428571428,136,169973.09142857144,0,2296408887631.6567,1429.78,0.0319
2013-05-14,1314.876923076923,150,197231.53846153847,1,2296019094779.7407,1422.29,0.0319
2013-05-15,1246.9627192982366,185,230688.10307017388,2,2295623541556.2173,1412.69,0.0319
2013-05-16,1396.5011363636365,182,254163.20681818185,3,2295222230025.532,1391.01,0.0318
2013-05-17,1477.2823333334,236,348638.6306666824,4,2294815162300.5312,1380.58,0.0318
2013-05-18,1242.9493939394001,307,381585.4639393958,5,2294402340542.463,1380.58,0.0318
2013-05-19,1310.5814102563465,249,326334.77115383017,6,2293983766960.974,1380.58,0.0318
2013-05-20,1377.99375,179,246660.88125,0,2293559443814.112,1405.34,0.0318
2013-05-21,1245.6470588235295,171,213005.64705882355,1,2293129373408.324,1417.05,0.032
2013-05-22,1437.7675213674358,175,251609.3162393013,2,2292693558098.459,1433.02,0.032
2013-05-23,1210.1985714285713,198,239619.31714285712,3,2292252000287.765,1461.93,0.0318
2013-05-24,1205.3733333333334,231,278441.24000000005,4,2291804702427.892,1400.84,0.0318
2013-05-25,1417.0955128205767,305,432214.13141027594,5,2291351667018.8867,1400.84,0.0318
2013-05-26,1412.3603773584905,289,408172.14905660384,6,2290892896609.201,1400.84,0.0318
2013-05-27,1388.4077777777775,192,266574.2933333333,0,2290428393795.684,1388.52,0.0319
2013-05-28,1288.6151960784414,185,238393.8112745116,1,2289958161223.584,1385.08,0.0319
2013-05-29,1326.0047619047618,157,208182.74761904762,2,2289482201586.5537,1399.11,0.0317
2013-05-30,1365.0202830188678,229,312589.6448113207,3,2289000517626.642,1360.06,0.0316
2013-05-31,1253.5415094339626,259,324667.2509433963,4,2288513112134.3013,1350.42,0.0315
2013-06-01,1237.8257575757636,372,460471.18181818404,5,2288019987948.382,1350.42,0.0315
2013-06-02,1226.015,302,370256.53,6,2287521147956.1357,1350.42,0.0315
2013-06-03,1191.5463414634144,254,302652.7707317073,0,2287016595093.214,1331.43,0.0313
2013-06-04,1286.5243243243244,214,275316.2054054055,1,2286506332343.67,1319.01,0.0314
2013-06-05,1227.735,262,321666.56999999995,2,2285990362739.956,1322.39,0.0313
2013-06-06,1378.7116666666,254,350192.7633333164,3,2285468689362.924,1301.08,0.0311
2013-06-07,1296.8153073285107,369,478524.84840422036,4,2284941315341.828,1286.86,0.0311
2013-06-08,1334.9556547619645,452,603399.9559524079,5,2284408243854.321,1286.86,0.0311
2013-06-09,1219.5981818181815,301,367099.05272727273,6,2283869478126.4565,1286.86,0.0311
2013-06-10,1239.6521739130435,225,278921.7391304348,0,2283325021432.689,1314.41,0.031
2013-06-11,1294.357142857143,240,310645.7142857143,1,2282774877095.873,1300.54,0.031
2013-06-12,1308.2196078431373,291,380691.90588235296,2,2282219048487.264,1300.54,0.0309
2013-06-13,1393.4720930232559,202,281481.3627906977,3,2281657539026.514,1263.66,0.031
2013-06-14,1909.97783842,380,725791.5785995999,4,2281090352181.6816,1261.63,0.0313
2013-06-15,1720.8027651635525,400,688321.1060654209,5,2280517491469.2207,1261.63,0.0313
2013-06-16,1522.7383438884315,308,469003.409917637,6,2279938960453.9883,1261.63,0.0313
2013-06-17,1585.9542903524996,282,447239.10987940495,0,2279354762749.24,1293.88,0.0315
2013-06-18,1561.6212396692724,287,448185.29578508117,1,2278764902016.632,1314.01,0.0315
2013-06-19,1480.1503205128845,272,402600.88717950456,2,2278169381966.22,1314.06,0.0312
2013-06-20,1409.3777173913047,257,362210.07336956525,3,2277568206356.4644,1291.72,0.0309
2013-06-21,1576.1374255952085,294,463384.40312499134,4,2276961378994.22,1243.32,0.0302
2013-06-22,1456.240890039423,347,505315.58884367975,5,2276348903734.7456,1243.32,0.0302
2013-06-23,1326.1370192307693,368,488018.4230769231,6,2275730784481.699,1243.32,0.0302
2013-06-24,1420.801219512195,197,279897.8402439024,0,2275107025187.139,1245.72,0.0305
2013-06-25,1416.195,211,298817.145,1,2274477629851.524,1233.04,0.0305
2013-06-26,1370.9040697674418,173,237166.40406976745,2,2273842602523.713,1243.2,0.0305
2013-06-27,1318.225,208,274190.8,3,2273201947300.9653,1261.13,0.0304
2013-06-28,1569.4375968993024,202,317026.39457365905,4,2272555668328.941,1262.77,0.0305
2013-06-29,1448.273765432037,245,354827.0725308491,5,2271903769801.699,1262.77,0.0305
2013-06-30,1316.942391304348,273,359525.27282608696,6,2271246255961.701,1262.77,0.0305
2013-07-01,1570.8064516129032,206,323586.12903225806,0,2270583131099.8066,1275.44,0.0304
2013-07-02,1642.526530612143,205,336717.9387754893,1,2269914399555.277,1276.85,0.0303
2013-07-03,1616.767195767037,176,284551.02645499853,2,2269240065715.773,1274.07,0.0301
2013-07-04,1582.7560294117648,197,311802.9377941177,3,2268560134017.3564,1264.29,0.0302
2013-07-05,1775.8833333333334,222,394246.1,4,2267874608944.4893,1280.61,0.0301
2013-07-06,1437.0852702702698,261,375079.25554054044,5,2267183495030.0327,1280.61,0.0301
2013-07-07,1743.0295566503448,239,416584.06403943244,6,2266486796855.2505,1280.61,0.0301
2013-07-08,1520.1309523810712,175,266022.9166666875,0,2265784519049.8047,1268.59,0.03
2013-07-09,1588.45,189,300217.05,1,2265076666291.7583,1277.29,0.0301
2013-07-10,1467.6636781610346,187,274453.10781611345,2,2264363243307.575,1282.84,0.0303
2013-07-11,1449.2333333333331,176,255065.0666666667,3,2263644254872.118,1275.29,0.0303
2013-07-12,1610.746875,206,331813.85625,4,2262919705808.652,1322.76,0.0307
2013-07-13,1509.3275675675675,249,375822.56432432437,5,2262189600988.8403,1322.76,0.0307
2013-07-14,1359.8354838709681,270,367155.58064516133,6,2261453945332.7485,1322.76,0.0307
2013-07-15,1488.7966666666666,193,287337.75666666665,0,2260712743808.841,1348.81,0.0306
2013-07-16,1608.9617142857144,187,300875.8405714286,1,2259966001433.9824,1354.54,0.0307
2013-07-17,1526.5827586206894,180,274784.8965517241,2,2259213723273.4395,1368.83,0.0308
2013-07-18,1526.1770833334374,204,311340.12500002125,3,2258455914440.8774,1393.05,0.031
2013-07-19,1357.7878787878788,221,300071.1212121212,4,2257692580098.3623,1377.35,0.0308
2013-07-20,1433.13,295,422773.35,5,2256923725456.361,1377.35,0.0308
2013-07-21,1423.1426470588235,229,325899.6661764706,6,2256149355773.74,1377.35,0.0308
2013-07-22,1613.625,208,335634.0,0,2255369476357.7656,1382.33,0.0309
2013-07-23,1466.7193548387095,222,325611.69677419355,1,2254584092564.1064,1380.01,0.0309
2013-07-24,1444.23,200,288846.0,2,2253793209796.83,1379.88,0.0309
2013-07-25,1464.590909090909,159,232869.9545454545,3,2252996833508.4043,1369.36,0.0308
2013-07-26,1474.1275862068965,189,278610.11379310343,4,2252194969199.6963,1353.38,0.0306
2013-07-27,1429.892857142857,254,363192.7857142857,5,2251387622419.9766,1353.38,0.0306
2013-07-28,1551.0638235294116,221,342785.10500000004,6,2250574798766.913,1353.38,0.0306
2013-07-29,1162.9705555555556,234,272135.11,0,2249756503886.575,1348.37,0.0305
2013-07-30,1156.0322,233,269355.50259999995,1,2248932743473.4316,1341.34,0.0305
2013-07-31,1224.1250862068964,183,224014.89077586212,2,2248103523270.3545,1326.41,0.0303
2013-08-01,1141.8371751412376,249,284317.4566101681,3,2247268849068.612,1313.38,0.0304
2013-08-02,1080.2418918918918,280,302467.7297297297,4,2246428726707.875,1331.71,0.0302
2013-08-03,1030.961060606023,348,358774.449090896,5,2245583162076.215,1331.71,0.0302
2013-08-04,1097.7663636363636,299,328232.1427272727,6,2244732161110.102,1331.71,0.0302
2013-08-05,1092.986574074074,235,256851.8449074074,0,2243875729794.408,1336.39,0.0304
2013-08-06,1251.701153846154,200,250340.23076923078,1,2243013874162.4053,1333.42,0.0304
2013-08-07,1211.2558620689654,199,241039.9165517241,2,2242146600295.765,1304.98,0.0303
2013-08-08,1155.139153846154,221,255285.75300000003,3,2241273914324.56,1301.28,0.0303
2013-08-09,1103.9242424242425,243,268253.5909090909,4,2240395822427.263,1303.28,0.0304
2013-08-10,1124.2872881355934,279,313676.1533898305,5,2239512330830.7466,1303.28,0.0304
2013-08-11,1082.3124528301887,246,266248.8633962264,6,2238623445810.284,1303.28,0.0304
2013-08-12,1162.7473170731707,205,238363.2,0,2237729173689.5493,1325.72,0.0304
2013-08-13,1021.4637068965517,247,252301.53560344825,1,2236829520840.6157,1326.53,0.0303
2013-08-14,1094.807327586207,230,251805.68534482762,2,2235924493683.9585,1338.85,0.0302
2013-08-15,1084.6404098360656,260,282006.50655737706,3,2235014098688.452,1356.34,0.0302
2013-08-16,1160.7727611940295,280,325016.37313432834,4,2234098342371.369,1327.49,0.0304
2013-08-17,1154.0210317460314,313,361208.58293650794,5,2233177231298.3867,1327.49,0.0304
2013-08-18,1179.8418721461646,288,339794.4591780954,6,2232250772083.581,1327.49,0.0304
2013-08-19,1140.2205147058826,262,298737.7748529412,0,2231318971389.4263,1323.42,0.0304
2013-08-20,1217.1718461538462,293,356631.35092307697,1,2230381835926.799,1322.25,0.0303
2013-08-21,1142.856055008155,313,357713.9452175525,2,2229439372454.976,1317.77,0.0304
2013-08-22,1115.312,353,393705.136,3,2228491587781.6333,1312.47,0.0302
2013-08-23,1127.1307777778336,331,373080.2874444628,4,2227538488762.8467,1329.05,0.0302
2013-08-24,1149.7453205128202,440,505887.94102564093,5,2226580082303.0967,1329.05,0.0302
2013-08-25,1146.1956190475712,353,404607.0535237927,6,2225616375355.2593,1329.05,0.0302
2013-08-26,1168.7973148148149,289,337782.42398148146,0,2224647374920.612,1330.99,0.0303
2013-08-27,1206.009912280702,266,320798.6366666667,1,2223673088048.8325,1324.48,0.0302
2013-08-28,1425.3616352201886,321,457541.0849056806,2,2222693521838.0005,1304.33,0.0301
2013-08-29,1465.9874479167188,332,486707.8327083506,3,2221708683434.5947,1299.65,0.0301
2013-08-30,1276.763179487231,375,478786.1923077116,4,2220718580033.494,1300.67,0.0301
2013-08-31,1246.602151898734,441,549751.5489873417,5,2219723218877.9785,1300.67,0.0301
2013-09-01,1220.2547679324427,399,486881.6524050447,6,2218722607259.7275,1300.67,0.0301
2013-09-02,1359.74505291,265,360332.43902115,0,2217716752518.821,1290.96,0.03
2013-09-03,1430.7572176595834,284,406335.0498153217,1,2216705662043.7393,1291.98,0.0299
2013-09-04,1450.4444444446292,239,346656.2222222664,2,2215689343271.3633,1293.11,0.0298
2013-09-05,1313.7951388889585,231,303486.67708334944,3,2214667803686.9736,1298.53,0.03
2013-09-06,1305.2454032258065,338,441172.9462903225,4,2213641050824.2524,1339.8,0.0299
2013-09-07,1226.3276884681927,425,521189.26759898185,5,2212609092265.281,1339.8,0.0299
2013-09-08,1263.6204629629165,390,492811.9805555375,6,2211571935640.541,1339.8,0.0299
2013-09-09,1362.7333050847456,215,292987.6605932203,0,2210529588628.915,1345.6,0.03
2013-09-10,1183.895,265,313732.175,1,2209482058957.685,1380.37,0.0301
2013-09-11,1184.7828638497185,318,376760.9507042104,2,2208429354402.536,1390.55,0.0303
2013-09-12,1165.8624509803924,198,230840.76529411765,3,2207371482787.5483,1394.03,0.0305
2013-09-13,1216.2093636363636,309,375808.6933636364,4,2206308451985.2065,1401.46,0.0306
2013-09-14,1204.2671614582812,434,522651.948072894,5,2205240269916.3955,1401.46,0.0306
2013-09-15,1258.8950000000466,340,428024.300000016,6,2204166944550.398,1401.46,0.0306
2013-09-16,1211.5241860465119,228,276227.51441860467,0,2203088483904.899,1396.57,0.0308
2013-09-17,2090.6744462956963,291,608386.2638720475,1,2202004896045.9834,1436.14,0.0309
2013-09-18,2266.483510427524,330,747939.558441083,2,2200916189088.1357,1439.79,0.031
2013-09-19,2071.141839248841,267,552994.8710794405,3,2199822371194.2417,1429.62,0.0315
2013-09-20,1971.3131303146515,333,656447.2723947789,4,2198723450575.588,1478.75,0.0316
2013-09-21,1711.29274078125,415,710186.4874242188,5,2197619435491.8591,1478.75,0.0316
2013-09-22,1642.713966596667,300,492814.189979,6,2196510334251.141,1478.75,0.0316
2013-09-23,1714.3134711166128,221,378863.2771167713,0,2195396155209.9219,1462.92,0.0314
2013-09-24,1677.4566504326788,306,513301.7350323997,1,2194276906773.088,1451.43,0.0314
2013-09-25,1758.5580786113208,284,499430.49432561506,2,2193152597393.9265,1446.41,0.0314
2013-09-26,1674.3397697109838,325,544160.4251560697,3,2192023235574.1245,1452.98,0.0311
2013-09-27,1572.7629393938184,309,485983.74827268976,4,2190888829863.7705,1451.64,0.0309
2013-09-28,1545.8860739840839,418,646180.3789253471,5,2189749388861.3518,1451.64,0.0309
2013-09-29,1501.1000133788407,377,565914.705043823,6,2188604921213.758,1451.64,0.0309
2013-09-30,1570.236797862041,257,403550.8570505445,0,2187455435616.277,1432.87,0.0309
2013-10-01,1607.1373809524491,236,379284.4219047779,1,2186300940812.5984,1422.49,0.0309
2013-10-02,1579.5428113552384,212,334863.07600731053,2,2185141445594.812,1438.04,0.031
2013-10-03,1508.6454338624444,243,366600.84042857407,3,2183976958803.4065,1421.94,0.031
2013-10-04,1422.9285176366352,334,475258.12489063607,4,2182807489327.272,1427.81,0.0311
2013-10-05,1356.8537872958,458,621439.0345814764,5,2181633046103.6992,1427.81,0.0311
2013-10-06,1285.3886291030599,413,530865.5038195638,6,2180453638118.3792,1427.81,0.0311
2013-10-07,1921.483870967742,207,397747.1612903226,0,2179269274405.4016,1443.15,0.0311
2013-10-08,1513.834375,202,305794.54374999995,1,2178079964047.2595,1444.32,0.031
2013-10-09,2130.969198287639,298,635028.8210897164,2,2176885716174.8428,1471.65,0.0309
2013-10-10,2032.0648250238464,276,560849.8917065816,3,2175686539967.444,1461.0,0.0309
2013-10-11,2033.1920018660378,330,670953.3606157926,4,2174482444652.756,1484.82,0.0311
2013-10-12,1794.202840434386,403,723063.7446950575,5,2173273439506.8696,1484.82,0.0311
2013-10-13,1793.889591836735,350,627861.3571428573,6,2172059533854.2795,1484.82,0.0311
2013-10-14,1610.7053191489358,238,383347.8659574468,0,2170840737067.8772,1477.0,0.031
2013-10-15,1619.1588235294116,233,377264.0058823529,1,2169617058568.9573,1473.97,0.031
2013-10-16,1722.267857142857,209,359953.98214285716,2,2168388507827.2131,1495.31,0.031
2013-10-17,1646.842105263158,221,363952.10526315786,3,2167155094360.7388,1500.25,0.0312
2013-10-18,1740.262857142857,263,457689.1314285714,4,2165916827736.0283,1491.85,0.0314
2013-10-19,1670.6462301588094,380,634845.5674603478,5,2164673717567.9768,1491.85,0.0314
2013-10-20,1685.9674342105263,332,559741.1881578948,6,2163425773519.8792,1491.85,0.0314
2013-10-21,1673.4922619046426,182,304575.591666645,0,2162173005303.43,1516.62,0.0314
2013-10-22,1717.9040540540539,169,290325.7851351351,1,2160915422678.7256,1514.39,0.0313
2013-10-23,1734.928571428571,160,277588.5714285714,2,2159653035454.262,1518.54,0.0316
2013-10-24,1564.8636363636365,169,264461.9545454545,3,2158385853486.9348,1494.96,0.0315
2013-10-25,1804.9,248,447615.2,4,2157113886682.041,1493.85,0.0315
2013-10-26,1621.6226813185715,347,562703.0704175443,5,2155837144993.277,1493.85,0.0315
2013-10-27,1604.6756756756754,305,489426.081081081,6,2154555638422.741,1493.85,0.0315
2013-10-28,1632.4888888888888,180,293848.0,0,2153269377020.9287,1492.2,0.0314
2013-10-29,2152.2347848670183,259,557428.8092805578,1,2151978370886.74,1493.11,0.0313
2013-10-30,2674.671662753559,281,751582.73723375,2,2150682630167.4712,1491.56,0.0311
2013-10-31,2530.901439645581,306,774455.840531548,3,2149382165058.8213,1493.14,0.0312
2013-11-01,2638.101626016341,299,788792.3861788859,4,2148076985804.889,1480.42,0.0311
2013-11-02,2373.7398373982924,396,940000.9756097237,5,2146767102698.1736,1480.42,0.0311
2013-11-03,2006.6161616160605,366,734421.5151514781,6,2145452526079.5735,1480.42,0.0311
2013-11-04,1961.511111111,305,598260.8888888551,0,2144133266338.3896,1480.42,0.0308
2013-11-05,2174.6,264,574094.4,1,2142809333912.321,1475.18,0.0309
2013-11-06,2119.7586206896553,247,523580.3793103449,2,2141480739287.468,1460.23,0.0307
2013-11-07,1881.470588235294,226,425212.3529411765,3,2140147492998.3315,1458.93,0.0309
2013-11-08,1948.2727272727273,285,555257.7272727273,4,2138809605627.8118,1468.22,0.0308
2013-11-09,1941.3636363636365,379,735776.8181818181,5,2137467087807.2107,1468.22,0.0308
2013-11-10,1834.058823529412,306,561222.0,6,2136119950216.2292,1468.22,0.0308
2013-11-11,1661.6774193548388,210,348952.2580645161,0,2134768203582.9695,1435.12,0.0306
2013-11-12,1677.6296296296296,174,291907.55555555556,1,2133411858683.9336,1427.93,0.0304
2013-11-13,1866.2,156,291127.2,2,2132050926344.0237,1437.37,0.0304
2013-11-14,1658.3961538461538,145,240467.44230769234,3,2130685417436.5425,1406.92,0.0305
2013-11-15,1736.25,242,420172.5,4,2129315342883.193,1434.44,0.0305
2013-11-16,1775.264705882353,355,630218.9705882353,5,2127940713654.079,1434.44,0.0305
2013-11-17,1629.0426470588236,328,534325.9882352941,6,2126561540767.704,1434.44,0.0305
2013-11-18,1947.1851851851845,201,391384.22222222225,0,2125177835290.972,1444.24,0.0307
2013-11-19,1679.6347826086953,204,342645.4956521739,1,2123789608339.1863,1462.98,0.0307
2013-11-20,1732.1153846153845,169,292727.5,2,2122396871076.0527,1455.04,0.0306
2013-11-21,1590.896551724138,188,299088.5517241379,3,2120999634713.676,1447.2,0.0304
2013-11-22,1704.2727272727273,254,432885.2727272727,4,2119597910512.5603,1425.86,0.0303
2013-11-23,1655.6757575757574,349,577830.8393939395,5,2118191709781.6128,1425.86,0.0303
2013-11-24,1756.9259259259259,281,493696.1851851852,6,2116781043878.1382,1425.86,0.0303
2013-11-25,1882.8095238095239,184,346436.95238095237,0,2115365924207.8423,1444.91,0.0305
2013-11-26,1692.121153846154,178,301197.5653846154,1,2113946362224.8325,1433.55,0.0304
2013-11-27,1755.04,142,249215.68,2,2112522369431.6152,1416.43,0.0303
2013-11-28,1473.12,133,195924.96,3,2111093957379.0972,1404.31,0.0301
2013-11-29,1727.5652173913047,196,338602.78260869556,4,2109661137666.5864,1406.51,0.0302
2013-11-30,1574.161290322581,306,481693.3548387097,5,2108223921941.79,1406.51,0.0302
2013-12-01,1639.6296296296296,271,444339.6296296296,6,2106782321900.816,1406.51,0.0302
2013-12-02,1667.2608695652175,129,215076.65217391305,0,2105336349288.173,1402.93,0.0302
2013-12-03,1606.6838709677418,164,263496.1548387096,1,2103886015896.7695,1398.74,0.0301
2013-12-04,1606.623214285714,171,274732.5696428571,2,2102431333567.9148,1372.44,0.0301
2013-12-05,1658.25,173,286877.25,3,2100972314191.317,1364.44,0.0302
2013-12-06,2211.4408668154683,325,718718.2817150272,4,2099508969705.087,1362.55,0.0303
2013-12-07,2218.5218181818177,420,931779.1636363636,5,2098041312095.7336,1362.55,0.0303
2013-12-08,2132.864634146341,314,669719.4951219511,6,2096569353398.1675,1362.55,0.0303
2013-12-09,1981.9142857142856,202,400346.68571428576,0,2095093105695.6992,1390.61,0.0305
2013-12-10,1971.25,254,500697.5,1,2093612581120.039,1412.08,0.0306
2013-12-11,2164.9794871796153,231,500110.2615384911,2,2092127791851.2988,1409.85,0.0306
2013-12-12,1975.5185185185185,228,450418.2222222222,3,2090638750117.9893,1409.28,0.0305
2013-12-13,1846.8796296297226,281,518973.17592595203,4,2089145468197.0225,1393.57,0.0305
2013-12-14,1812.8823529411768,454,823048.5882352942,5,2087647958413.7104,1393.57,0.0305
2013-12-15,1794.1019607844119,408,731993.60000004,6,2086146233141.765,1393.57,0.0305
2013-12-16,1528.5337719298245,265,405061.44956140354,0,2084640304803.3,1391.85,0.0304
2013-12-17,1508.6745901639342,269,405833.46475409827,1,2083130185868.827,1407.25,0.0303
2013-12-18,1470.1598360655735,300,441047.950819672,2,2081615888857.2595,1414.68,0.0303
2013-12-19,1588.996153846154,336,533902.7076923078,3,2080097426335.912,1423.87,0.0304
2013-12-20,1456.1825757575755,409,595578.6734848485,4,2078574810920.4976,1431.11,0.0303
2013-12-21,1425.5799145298718,610,869603.7478632219,5,2077048055275.1309,1431.11,0.0303
2013-12-22,1581.3334349592685,574,907685.3916666202,6,2075517172112.3264,1431.11,0.0303
2013-12-23,1514.1747474746974,383,579928.928282809,0,2073982174192.998,1429.91,0.0303
2013-12-24,1531.6379032258067,350,536073.2661290322,1,2072443074326.462,1453.1,0.0306
2013-12-25,1460.064930555555,449,655569.1538194444,2,2070899885370.433,1454.02,0.0306
2013-12-26,1508.8208333333334,503,758936.8791666669,3,2069352620231.028,1447.5,0.0306
2013-12-27,1571.587323943662,601,944523.9816901408,4,2067801291862.7612,1448.29,0.0306
2013-12-28,1484.7914663997196,860,1276920.661103759,5,2066245913268.5503,1448.29,0.0306
2013-12-29,1569.3183505154639,851,1335489.9162886594,6,2064686497499.712,1448.29,0.0306
2013-12-30,1517.1441746794226,887,1345706.882940648,0,2063123057655.9624,1445.39,0.0306
2013-12-31,1519.0460499998999,808,1227389.208399919,1,2061555606885.4197,1445.39,0.0305
2014-01-01,1534.5605769230767,179,274686.34326923074,2,2059984158384.6008,1445.39,0.0304
2014-01-02,1457.42545138875,583,849679.0381596412,3,2058408725398.424,1445.39,0.0304
2014-01-03,1464.8491561181008,511,748537.9187763495,4,2056829321220.2068,1445.39,0.0302
2014-01-04,1502.0537037037036,447,671418.0055555556,5,2055245959191.669,1445.39,0.0302
2014-01-05,1307.921052631579,428,559790.2105263157,6,2053658652702.9285,1445.39,0.0302
2014-01-06,1372.8084745762708,400,549123.3898305083,0,2052067415192.505,1442.73,0.0301
2014-01-07,1238.7156862745098,313,387718.00980392157,1,2050472260147.3171,1442.73,0.0301
2014-01-08,1483.4027777777776,312,462821.66666666674,2,2048873201102.6855,1388.28,0.0302
2014-01-09,1340.534375,213,285533.821875,3,2047270251642.3303,1390.35,0.0302
2014-01-10,1466.4422222222222,203,297687.7711111111,4,2045663425398.3708,1388.86,0.0301
2014-01-11,1346.5336206896552,301,405306.61982758617,5,2044052736051.329,1388.86,0.0301
2014-01-12,1438.3849056603772,224,322198.2188679245,6,2042438197330.1252,1388.86,0.0301
2014-01-13,1514.8978260869562,182,275711.404347826,0,2040819823012.0813,1395.91,0.0302
2014-01-14,1593.3884615384613,174,277249.5923076923,1,2039197626922.9182,1401.82,0.03
2014-01-15,1395.1279069767445,191,266469.43023255817,2,2037571622936.7576,1388.69,0.03
2014-01-16,1543.5384615384617,151,233074.3076923077,3,2035941824976.123,1401.78,0.0299
2014-01-17,1563.3387755102042,216,337681.1755102041,4,2034308247011.936,1397.23,0.0299
2014-01-18,1387.3292452830187,305,423135.4198113207,5,2032670903063.5195,1397.23,0.0299
2014-01-19,1358.3333333333333,275,373541.66666666657,6,2031029807198.5967,1397.23,0.0299
2014-01-20,1378.802083333333,175,241290.36458333328,0,2029384973533.292,1395.79,0.0297
2014-01-21,1513.935135135135,155,234659.9459459459,1,2027736416232.1284,1394.49,0.0296
2014-01-22,1357.530612244898,172,233495.2653061225,2,2026084149508.0295,1395.87,0.0294
2014-01-23,1370.515909090909,165,226135.125,3,2024428187622.321,1391.75,0.0294
2014-01-24,1353.1234042553192,224,303099.64255319146,4,2022768544884.7263,1381.59,0.0293
2014-01-25,1445.6442622950815,302,436584.5672131147,5,2021105235653.372,1381.59,0.0293
2014-01-26,1548.7341836734693,252,390281.0142857143,6,2019438274334.7815,1381.59,0.0293
2014-01-27,1223.1531609195347,212,259308.47011494136,0,2017767675383.8823,1364.11,0.029
2014-01-28,1368.7892820512309,225,307977.58846152696,1,2016093453303.999,1346.51,0.0288
2014-01-29,1246.834547619043,233,290512.44959523703,2,2014415622646.8591,1332.51,0.0289
2014-01-30,1172.6932240437704,211,247438.2702732356,3,2012734198012.5881,1308.0,0.0285
2014-01-31,1237.0348084290806,313,387191.8950383022,4,2011049194049.713,1320.9,0.0286
2014-02-01,1190.583565972229,453,539334.3553854198,5,2009360625455.1616,1320.9,0.0286
2014-02-02,1129.3588034187565,333,376076.4815384459,6,2007668506974.2617,1320.9,0.0286
2014-02-03,1222.1348333333333,208,254204.04533333328,0,2005972853400.74,1301.02,0.0284
2014-02-04,1193.7234745762712,220,262619.1644067797,1,2004273679576.7256,1293.2,0.0282
2014-02-05,1182.6309119496227,201,237708.81330187415,2,2002571000392.7463,1291.82,0.0285
2014-02-06,1301.0017543859653,214,278414.3754385965,3,2000864830787.7317,1317.5,0.0287
2014-02-07,1243.2588308457762,221,274760.20161691646,4,1999155185749.0095,1330.28,0.0288
2014-02-08,1219.2176709401667,358,436479.9261965797,5,1997442080312.3103,1330.28,0.0288
2014-02-09,1220.802976190529,315,384552.9375000167,6,1995725529561.764,1330.28,0.0288
2014-02-10,1221.8562295081967,193,235818.252295082,0,1994005548629.8992,1341.49,0.0288
2014-02-11,1227.4144545454546,165,202523.385,1,1992282152697.647,1336.02,0.0288
2014-02-12,1226.136666666731,194,237870.5133333458,2,1990555356994.3384,1341.85,0.0288
2014-02-13,1212.4628603603646,227,275229.06930180284,3,1988825176797.704,1353.17,0.0287
2014-02-14,1187.016376811551,277,328803.53637679963,4,1987091627433.8745,1321.61,0.0285
2014-02-15,1203.3961764705882,401,482561.8667647058,5,1985354724277.3818,1321.61,0.0285
2014-02-16,1146.8215476190912,347,397947.0770238247,6,1983614482751.1587,1321.61,0.0285
2014-02-17,1203.1907,202,243044.5214,0,1981870918326.536,1343.2,0.0285
2014-02-18,1269.5364052288235,199,252637.7446405359,1,1980124046523.2468,1347.76,0.0284
2014-02-19,1222.336013071902,205,250578.88267973988,2,1978373882909.424,1342.46,0.0282
2014-02-20,1211.8805637254852,245,296910.7381127439,3,1976620443101.6008,1300.41,0.0279
2014-02-21,1229.8236431623075,332,408301.4495298861,4,1974863742764.71,1305.88,0.028
2014-02-22,1105.6678551752068,568,628019.3417395174,5,1973103797612.0852,1305.88,0.028
2014-02-23,1155.5529002849573,547,632087.4364558717,6,1971340623405.4617,1305.88,0.028
2014-02-24,1422.1282051282049,145,206208.58974358972,0,1969574235954.973,1315.56,0.0281
2014-02-25,1284.7532258064516,117,150316.12741935483,1,1967804651119.153,1321.31,0.0281
2014-02-26,1369.0033333333333,134,183446.44666666663,2,1966031884804.9382,1306.9,0.028
2014-02-27,1532.4,127,194614.8,3,1964255952967.6624,1285.83,0.0277
2014-02-28,1537.470432083774,210,322868.79073759256,4,1962476871611.0625,1262.91,0.0278
2014-03-01,1598.877232142857,332,530827.2410714285,5,1960694656787.2732,1262.91,0.0278
2014-03-02,1544.904255319149,261,403220.0106382979,6,1958909324596.8318,1262.91,0.0278
2014-03-03,1538.221052631579,162,249191.8105263158,0,1957120891188.6743,1239.77,0.0273
2014-03-04,1389.635,174,241796.49,1,1955329372760.1367,1121.68,0.0274
2014-03-05,1340.898148148148,200,268179.6296296296,2,1953534785556.958,1188.19,0.0277
2014-03-06,1583.7839330808333,190,300918.9472853584,3,1951737145873.2744,1182.74,0.0277
2014-03-07,1523.7032369145456,307,467776.89373276546,4,1949936470051.6235,1163.07,0.0276
2014-03-08,1516.9360062892456,314,476317.9059748231,5,1948132774482.9436,1163.07,0.0276
2014-03-09,1423.704702380893,272,387247.67904760287,6,1946326075606.5732,1163.07,0.0276
2014-03-10,1511.9367521366667,205,309947.0341880166,0,1944516389910.2507,1163.07,0.0275
2014-03-11,1580.992857142857,150,237148.92857142852,1,1942703733930.116,1153.57,0.0275
2014-03-12,1382.7583333333332,137,189437.89166666663,2,1940888124250.7068,1126.91,0.0274
2014-03-13,1463.412765957447,143,209268.02553191487,3,1939069577504.9644,1104.49,0.0274
2014-03-14,1795.2998457539995,252,452415.56113000796,4,1937248110374.2275,1064.19,0.0273
2014-03-15,1790.4701149424136,316,565788.5563218028,5,1935423739588.2368,1064.19,0.0273
2014-03-16,1747.625,277,484092.125,6,1933596481925.1328,1064.19,0.0273
2014-03-17,1823.4642076501639,200,364692.8415300328,0,1931766354211.4563,1070.41,0.0273
2014-03-18,1710.778911564694,175,299386.30952382146,1,1929933373322.1484,1121.6,0.0275
2014-03-19,1769.7886904763636,145,256619.3601190727,2,1928097556180.551,1160.78,0.0276
2014-03-20,1676.123397435769,194,325167.9391025392,3,1926258919758.4053,1142.8,0.0276
2014-03-21,1663.6957650273773,250,415923.9412568443,4,1924417481075.854,1127.52,0.0275
2014-03-22,1577.0238425925004,339,534611.0826388575,5,1922573257201.4387,1127.52,0.0275
2014-03-23,1552.627192982456,257,399025.1885964912,6,1920726265252.1028,1127.52,0.0275
2014-03-24,1497.9846153846154,151,226195.6769230769,0,1918876522393.189,1135.11,0.0276
2014-03-25,1624.3088235294117,133,216033.07352941172,1,1917024045838.4404,1135.07,0.0277
2014-03-26,1463.4345238095239,151,220978.61309523808,2,1915168852850.0007,1176.45,0.0282
2014-03-27,1531.7465116279068,163,249674.6813953488,3,1913310960738.4155,1193.48,0.0281
2014-03-28,1510.5384615384617,164,247728.3076923077,4,1911450386862.6265,1180.51,0.0281
2014-03-29,1646.3602272727273,238,391833.73409090907,5,1909587148629.9795,1180.51,0.0281
2014-03-30,1514.3666666666666,221,334675.03333333327,6,1907721263496.2192,1180.51,0.0281
2014-03-31,1464.595238095238,120,175751.42857142858,0,1905852748965.491,1187.6,0.028
2014-04-01,1582.7878787878788,95,150364.84848484848,1,1903981622590.3403,1227.13,0.0285
2014-04-02,1576.838709677419,99,156107.0322580645,2,1902107901971.7131,1236.5,0.0285
2014-04-03,1752.0382352941178,98,171699.74705882356,3,1900231604758.9548,1222.93,0.0282
2014-04-04,1494.4333333333334,154,230142.73333333328,4,1898352748649.8125,1213.09,0.0281
2014-04-05,1692.754545454545,278,470585.7636363635,5,1896471351390.4329,1213.09,0.0281
2014-04-06,1588.5076923076927,189,300227.95384615386,6,1894587430775.3623,1213.09,0.0281
2014-04-07,1535.4137931034486,101,155076.7931034483,0,1892701004647.5493,1225.49,0.0283
2014-04-08,1495.666666666667,86,128627.33333333336,1,1890812090898.3408,1194.48,0.0281
2014-04-09,1531.93125,122,186895.6125,2,1888920707467.4849,1195.8,0.028
2014-04-10,1565.25,124,194091.0,3,1887026872343.1296,1196.25,0.0281
2014-04-11,1481.165714285714,158,234024.18285714282,4,1885130603561.824,1199.5,0.0281
2014-04-12,1499.6833333333334,235,352425.58333333343,5,1883231919208.5168,1199.5,0.0281
2014-04-13,1492.8166666666666,201,300056.15,6,1881330837416.557,1199.5,0.0281
2014-04-14,1664.9546875,114,189804.834375,0,1879427376367.6943,1200.22,0.028
2014-04-15,1391.625,87,121071.375,1,1877521554292.0789,1175.54,0.0278
2014-04-16,1574.7624999999996,115,181097.6875,2,1875613389468.2605,1146.26,0.0276
2014-04-17,1472.7146341463415,154,226798.05365853655,3,1873702900223.1892,1157.59,0.0277
2014-04-18,1379.3103448275863,136,187586.2068965517,4,1871790104932.2168,1194.11,0.0282
2014-04-19,1573.28125,207,325669.21875,5,1869875022019.0935,1194.11,0.0282
2014-04-20,1554.732142857143,167,259640.2678571429,6,1867957669955.9717,1194.11,0.0282
2014-04-21,1515.1407407407407,99,149998.93333333332,0,1866038067263.4016,1200.44,0.0281
2014-04-22,1388.1323529411764,109,151306.42647058825,1,1864116232510.336,1186.1,0.028
2014-04-23,1346.0,104,139984.0,2,1862192184314.1277,1178.02,0.028
2014-04-24,1387.3125,94,130407.375,3,1860265941340.5288,1174.52,0.028
2014-04-25,1588.1142857142856,91,144518.4,4,1858337522303.692,1140.62,0.0279
2014-04-26,1451.002564102564,231,335181.5923076923,5,1856406945966.1704,1140.62,0.0279
2014-04-27,1457.0691176470586,208,303070.37647058826,6,1854474231138.9185,1140.62,0.0279
2014-04-28,1479.390625,111,164212.359375,0,1852539396681.2896,1114.95,0.0278
2014-04-29,1520.3846153846155,97,147477.3076923077,1,1850602461501.038,1149.48,0.0279
2014-04-30,1511.3148148148148,147,222163.27777777772,2,1848663444554.3176,1153.87,0.028
2014-05-01,1422.9310344827584,173,246167.06896551728,3,1846722364845.6848,1153.87,0.0281
2014-05-02,1435.7148148148146,176,252685.80740740738,4,1844779241428.0923,1151.7,0.0281
2014-05-03,1573.796875,158,248659.90625,5,1842834093402.8977,1151.7,0.0281
2014-05-04,1405.8583333333331,150,210878.75,6,1840886939919.8557,1151.7,0.0281
2014-05-05,1553.666666666667,114,177118.0,0,1838937800177.1223,1144.18,0.0278
2014-05-06,1593.966666666667,88,140269.06666666668,1,1836986693421.2544,1144.86,0.028
2014-05-07,1436.621666666667,94,135042.43666666668,2,1835033638947.208,1169.58,0.0282
2014-05-08,1430.6256410256408,158,226038.85128205124,3,1833078656098.34,1230.0,0.0286
2014-05-09,1457.9333333333334,129,188073.4,4,1831121764266.4084,1230.0,0.0285
2014-05-10,1460.7333333333331,187,273157.13333333336,5,1829162982891.5703,1230.0,0.0285
2014-05-11,1509.0102941176472,161,242950.6573529412,6,1827202331462.384,1230.0,0.0285
2014-05-12,1451.48,90,130633.2,0,1825239829515.8071,1233.72,0.0284
2014-05-13,1504.8766666666668,81,121895.01,1,1823275496637.1985,1234.89,0.0285
2014-05-14,1347.4857142857145,85,114536.28571428572,2,1821309352460.317,1254.24,0.0287
2014-05-15,1425.5814814814817,104,148260.4740740741,3,1819341416667.3215,1262.4,0.0288
2014-05-16,1538.6527027027025,160,246184.4324324324,4,1817371708988.772,1250.06,0.0287
2014-05-17,1381.1602564102564,218,301092.9358974359,5,1815400249203.628,1250.06,0.0287
2014-05-18,1449.158536585366,202,292730.0243902439,6,1813427057139.2488,1250.06,0.0287
2014-05-19,1416.4785714285715,107,151563.20714285714,0,1811452152671.396,1262.65,0.0288
2014-05-20,1639.284523809643,121,198353.4273809668,1,1809475555724.2288,1291.52,0.0289
2014-05-21,1448.2154761904765,149,215784.10595238092,2,1807497286270.31,1298.99,0.029
2014-05-22,1483.1333333333334,143,212088.06666666668,3,1805517364330.6,1322.17,0.0291
2014-05-23,1423.1282051282049,162,230546.76923076922,4,1803535809974.46,1311.57,0.0291
2014-05-24,1502.454629629722,224,336549.8370370577,5,1801552643319.6528,1311.57,0.0291
2014-05-25,1540.5378378378382,195,300404.8783783784,6,1799567884532.34,1311.57,0.0291
2014-05-26,1555.4875,118,183547.525,0,1797581553827.0842,1328.43,0.0293
2014-05-27,2564.2279547056164,270,692341.5477705165,1,1795593671466.8486,1335.11,0.0292
2014-05-28,2141.3062925169393,202,432543.87108842155,2,1793604257762.9958,1297.94,0.029
2014-05-29,1958.6207641195351,218,426979.32657805865,3,1791613333075.29,1301.89,0.0289
2014-05-30,2002.3630952380954,222,444524.60714285716,4,1789620917811.8943,1315.41,0.0288
2014-05-31,1838.000337837838,260,477880.0878378378,5,1787627032429.3735,1315.41,0.0288
2014-06-01,1787.3681250000004,232,414669.405,6,1785631697432.6914,1315.41,0.0288
2014-06-02,1711.9911764705885,162,277342.57058823534,0,1783634933375.2131,1297.61,0.0286
2014-06-03,1879.7179487179485,154,289476.5641025641,1,1781636760858.7031,1318.05,0.0285
2014-06-04,1761.75,158,278356.5,2,1779637200533.3271,1321.1,0.0285
2014-06-05,1836.090909090909,122,224003.0909090909,3,1777636273097.6511,1326.28,0.0286
2014-06-06,1766.0895833334373,168,296703.05000001745,4,1775633999298.6404,1337.26,0.0288
2014-06-07,1674.909090909091,202,338331.63636363635,5,1773630399931.6616,1337.26,0.0288
2014-06-08,1581.1433333333334,195,308322.95,6,1771625495840.4812,1337.26,0.0288
2014-06-09,1692.483870967742,151,255565.06451612906,0,1769619307917.2659,1359.1,0.029
2014-06-10,1638.3555555555554,164,268690.31111111114,1,1767611857102.5835,1363.31,0.0291
2014-06-11,1582.2527777777775,197,311703.7972222222,2,1765603164385.401,1367.25,0.0291
2014-06-12,1667.2910256410255,252,420157.3384615384,3,1763593250803.086,1367.25,0.0291
2014-06-13,1503.4433333333334,197,296178.3366666667,4,1761582137441.4072,1367.25,0.0291
2014-06-14,1464.251851851852,149,218173.52592592602,5,1759569845434.5327,1367.25,0.0291
2014-06-15,1347.8972222222224,197,265535.7527777778,6,1757556395965.0315,1367.25,0.0291
2014-06-16,1548.4333333333334,167,258588.36666666673,0,1755541810263.8723,1356.75,0.029
2014-06-17,1672.275,127,212378.925,1,1753526109610.4246,1357.67,0.0289
2014-06-18,1346.8588235294114,171,230312.85882352942,2,1751509315332.458,1344.82,0.0287
2014-06-19,1833.521739130435,134,245691.91304347827,3,1749491448806.143,1372.98,0.0291
2014-06-20,1544.5555555555554,152,234772.4444444445,4,1747472531456.0493,1368.13,0.0291
2014-06-21,1503.88,234,351907.9200000001,5,1745452584755.1477,1368.13,0.0291
2014-06-22,1645.3864864864865,188,309332.6594594595,6,1743431630224.8088,1368.13,0.0291
2014-06-23,1450.4535714285714,139,201613.04642857146,0,1741409689434.8042,1361.28,0.029
2014-06-24,1595.6617647058827,162,258497.2058823529,1,1739386784003.3057,1373.57,0.0293
2014-06-25,1393.928571428571,158,220240.71428571426,2,1737362935596.8848,1412.76,0.0296
2014-06-26,1660.3225806451612,139,230784.83870967745,3,1735338165930.5132,1385.31,0.0296
2014-06-27,1386.5580645161292,150,207983.70967741942,4,1733312496767.564,1378.96,0.0296
2014-06-28,1472.3428571428574,272,400477.2571428571,5,1731285949919.81,1378.96,0.0296
2014-06-29,1445.875,192,277608.0,6,1729258547247.4238,1378.96,0.0296
2014-06-30,1554.2564516129032,174,270440.62258064514,0,1727230310658.9795,1379.94,0.0296
2014-07-01,1495.1206896551723,140,209316.89655172406,1,1725201262111.45,1361.47,0.0294
2014-07-02,1595.5441176470588,139,221780.6323529412,2,1723171423610.2097,1361.53,0.0291
2014-07-03,1690.5026881719355,173,292456.96505374485,3,1721140817209.0327,1391.47,0.0292
2014-07-04,1668.7244791665626,178,297032.9572916481,4,1719109465010.0942,1389.7,0.0291
2014-07-05,1482.833333333333,213,315843.5,5,1717077389163.9688,1389.7,0.0291
2014-07-06,1442.4166666667645,177,255307.75000001732,6,1715044611869.6316,1389.7,0.0291
2014-07-07,1383.0306451612905,148,204688.53548387095,0,1713011155374.4585,1359.0,0.0291
2014-07-08,1622.4375757575756,147,238498.32363636364,1,1710977041974.2246,1383.4,0.029
2014-07-09,1654.915,172,284645.38,2,1708942294013.1074,1391.66,0.0292
2014-07-10,1576.1847368421054,158,249037.18842105265,3,1706906933883.682,1408.89,0.0295
2014-07-11,1486.5169047620002,176,261626.975238112,4,1704870984026.9265,1384.09,0.0294
2014-07-12,1432.5499999999995,237,339514.34999999986,5,1702834466932.2168,1384.09,0.0294
2014-07-13,1532.8,207,317289.6,6,1700797405137.331,1384.09,0.0294
2014-07-14,1471.969696969697,158,232571.2121212121,0,1698759821228.4468,1379.34,0.0292
2014-07-15,1434.1896551724137,158,226601.96551724136,1,1696721737840.1418,1358.05,0.0291
2014-07-16,1504.9877419354834,136,204678.3329032258,2,1694683177655.3955,1342.78,0.0291
2014-07-17,1515.7615625,156,236458.80375,3,1692644163405.585,1336.93,0.0289
2014-07-18,1390.8813333333335,162,225322.776,4,1690604717870.4907,1278.39,0.0283
2014-07-19,1492.8697222222222,213,317981.2508333333,5,1688564863878.2908,1278.39,0.0283
2014-07-20,1537.4965277777776,206,316724.28472222225,6,1686524624305.5654,1278.39,0.0283
2014-07-21,1284.8944444444444,159,204298.21666666665,0,1684484022077.2944,1277.51,0.0284
2014-07-22,1457.1676470588236,158,230232.4882352941,1,1682443080166.8582,1244.64,0.0284
2014-07-23,1468.2843137255884,150,220242.64705883825,2,1680401821596.0364,1268.31,0.0286
2014-07-24,1552.4649122807891,179,277891.2192982613,3,1678360269435.0107,1269.11,0.0287
2014-07-25,1267.5548387096774,170,215484.32258064515,4,1676318446802.3623,1264.35,0.0285
2014-07-26,1397.8402777777776,205,286557.25694444444,5,1674276376865.0718,1264.35,0.0285
2014-07-27,1341.7472222222225,197,264324.2027777778,6,1672234082838.5225,1264.35,0.0285
2014-07-28,1511.4467741935487,145,219159.7822580645,0,1670191587986.4946,1242.71,0.0284
2014-07-29,1394.655172413793,118,164569.31034482757,1,1668148915621.172,1208.66,0.0281
2014-07-30,1538.3076923076926,125,192288.4615384616,2,1666106089103.1365,1202.22,0.0279
2014-07-31,1597.088888888889,117,186859.4,3,1664063131841.3716,1223.6,0.0281
2014-08-01,1536.4923076923078,141,216645.4153846154,4,1662020067293.2605,1215.63,0.028
2014-08-02,1499.5107526881613,176,263913.8924731164,5,1659976918964.586,1215.63,0.028
2014-08-03,1461.4017857142858,159,232362.88392857145,6,1657933710409.5332,1215.63,0.028
2014-08-04,1493.3181818181818,141,210557.8636363636,0,1655890465230.686,1213.8,0.028
2014-08-05,1543.0655172413794,138,212943.0413793104,1,1653847207079.0288,1213.28,0.0279
2014-08-06,1497.967741935484,138,206719.5483870968,2,1651803959653.9463,1189.72,0.0277
2014-08-07,1417.2962962962963,129,182831.22222222228,3,1649760746703.224,1158.06,0.0276
2014-08-08,1504.1202702702699,161,242163.36351351353,4,1647717592023.0474,1156.95,0.0275
2014-08-09,1433.8882352941175,178,255232.1058823529,5,1645674519458.002,1156.95,0.0275
2014-08-10,1408.359375,174,245054.53125,6,1643631552901.0742,1156.95,0.0275
2014-08-11,1126.3885064935,195,219645.7587662325,0,1641588716293.65,1181.7,0.0276
2014-08-12,1086.5475092351016,230,249905.92712407335,1,1639546033625.5166,1203.82,0.0278
2014-08-13,1006.0510862460691,214,215294.93245665875,2,1637503528934.8608,1198.58,0.0276
2014-08-14,1120.8287222222166,220,246582.31888888765,3,1635461226308.27,1221.23,0.0278
2014-08-15,1174.85640625,233,273741.54265625,4,1633419149880.732,1231.42,0.0277
2014-08-16,1200.8757462686565,282,338646.9604477611,5,1631377323835.6345,1231.42,0.0277
2014-08-17,1208.217014925373,261,315344.6408955223,6,1629335772404.7651,1231.42,0.0277
2014-08-18,1170.1473214285713,188,219987.69642857145,0,1627294519868.3137,1233.54,0.0277
2014-08-19,1334.5142727272728,222,296262.1685454545,1,1625253590554.869,1244.83,0.0277
2014-08-20,1211.6424853801752,226,273831.2016959196,2,1623213008841.419,1251.23,0.0276
2014-08-21,1234.5995238095875,246,303711.4828571585,3,1621172799153.3545,1256.76,0.0275
2014-08-22,1228.3249333334,200,245664.98666668,4,1619132985964.4648,1275.73,0.0278
2014-08-23,1121.9776715685732,291,326495.50242645486,5,1617093593796.94,1275.73,0.0278
2014-08-24,1136.3481690140845,261,296586.87211267604,6,1615054647221.3706,1275.73,0.0278
2014-08-25,1018.4464545454545,183,186375.70118181818,0,1613016170856.7476,1260.49,0.0277
2014-08-26,1185.29575,213,252467.99475,1,1610978189370.4614,1267.87,0.0277
2014-08-27,1149.2178888888832,200,229843.57777777663,2,1608940727478.3042,1262.88,0.0277
2014-08-28,1166.7784632034545,249,290527.8373376602,3,1606903809944.4673,1259.75,0.0276
2014-08-29,1146.1539722222165,225,257884.6437499987,4,1604867461581.5422,1218.15,0.0272
2014-08-30,1095.6561274510298,303,331983.806617662,5,1602831707250.5222,1218.15,0.0272
2014-08-31,1220.343103070171,284,346577.4412719286,6,1600796571860.7988,1218.15,0.0272
2014-09-01,1172.2389197530924,211,247342.4120679025,0,1598762080370.166,1192.82,0.027000000000000003
2014-09-02,1101.9048194444501,154,169693.34219444534,1,1596728257784.8164,1177.93,0.0268
2014-09-03,1190.5527336331736,160,190488.43738130786,2,1594695129159.3438,1179.45,0.0267
2014-09-04,1083.7739130434782,157,170152.50434782606,3,1592662719596.7417,1241.01,0.0271
2014-09-05,1178.9432291666667,152,179199.37083333335,4,1590631054248.4043,1237.33,0.027000000000000003
2014-09-06,1097.1471014492752,258,283063.952173913,5,1588600158314.1265,1237.33,0.027000000000000003
2014-09-07,1170.8323333333385,247,289195.5863333345,6,1586570057042.103,1237.33,0.027000000000000003
2014-09-08,1410.728260869565,100,141072.8260869565,0,1584540775728.9282,1254.74,0.0271
2014-09-09,1493.9408602151611,114,170309.25806452835,1,1582512339719.5986,1246.51,0.027000000000000003
2014-09-10,1492.9892857142856,136,203046.54285714286,2,1580484774407.5088,1243.64,0.0269
2014-09-11,1591.2777777777776,148,235509.1111111111,3,1578458105234.4556,1242.7,0.0268
2014-09-12,1536.4555555555555,179,275025.5444444445,4,1576432357690.6353,1217.71,0.0266
2014-09-13,1582.7428571428575,246,389354.7428571429,5,1574407557314.644,1217.71,0.0266
2014-09-14,1574.3509803920588,239,376269.8843137021,6,1572383729693.479,1217.71,0.0266
2014-09-15,1545.0307692307692,119,183858.66153846157,0,1570360900462.5376,1212.35,0.0265
2014-09-16,1430.578947368421,103,147349.63157894733,1,1568339095305.6172,1195.32,0.0261
2014-09-17,1347.1640000000002,112,150882.36800000002,2,1566318339954.916,1199.65,0.0261
2014-09-18,1425.7307692307693,117,166810.5,3,1564298660191.0315,1189.83,0.0259
2014-09-19,1413.0708333333332,133,187938.42083333328,4,1562280081842.9631,1188.64,0.026
2014-09-20,1516.833333333333,222,336737.0,5,1560262630788.1091,1188.64,0.026
2014-09-21,1431.0810344827592,175,250439.1810344828,6,1558246332952.2688,1188.64,0.026
2014-09-22,1498.0666666666666,93,139320.19999999998,0,1556231214309.6414,1168.37,0.026
2014-09-23,1552.2941176470588,137,212664.29411764702,1,1554217300882.8264,1152.78,0.0258
2014-09-24,1493.3620689655172,142,212057.41379310345,2,1552204618742.8247,1168.03,0.0259
2014-09-25,1708.455249042069,152,259685.1978543945,3,1550193194009.036,1191.45,0.0262
2014-09-26,1499.3678160920688,177,265388.1034482962,4,1548183052849.2612,1171.83,0.026
2014-09-27,1565.8771929823686,233,364849.3859648918,5,1546174221479.7012,1171.83,0.026
2014-09-28,1579.428571428571,180,284297.14285714284,6,1544166726164.9573,1171.83,0.026
2014-09-29,1518.15,90,136633.5,0,1542160593218.0308,1159.06,0.0255
2014-09-30,1580.75,106,167559.5,1,1540155849000.3242,1127.95,0.0253
2014-10-01,1607.6436,104,167194.9344,2,1538152519921.6394,1122.39,0.0253
2014-10-02,1396.425416666667,132,184328.155,3,1536150632440.1792,1111.62,0.0252
2014-10-03,1461.1086666665665,178,260077.3426666488,4,1534150213062.5457,1093.23,0.0253
2014-10-04,1438.1889189189192,276,396940.14162162156,5,1532151288343.7432,1093.23,0.0253
2014-10-05,1507.2357142857145,233,351185.9214285714,6,1530153884887.1738,1093.23,0.0253
2014-10-06,1470.6733333333332,115,169127.43333333332,0,1528158029344.6423,1096.3,0.025
2014-10-07,1516.5696296296296,131,198670.62148148147,1,1526163748416.3523,1120.43,0.0252
2014-10-08,1610.4666666666665,96,154604.8,2,1524171068850.9084,1102.63,0.025
2014-10-09,1397.6,116,162121.59999999998,3,1522180017445.3157,1092.15,0.025
2014-10-10,1429.621470588235,166,237317.1641176471,4,1520190621044.978,1081.44,0.0249
2014-10-11,1439.4329268292686,277,398722.9207317074,5,1518202906543.702,1081.44,0.0249
2014-10-12,1560.5290322580645,217,338634.8,6,1516216900883.6924,1081.44,0.0249
2014-10-13,1588.888888888889,113,179544.44444444447,0,1514232631055.5554,1061.45,0.0248
2014-10-14,1673.7655172413795,116,194156.8,1,1512250124098.2974,1077.48,0.0247
2014-10-15,1642.7738095239285,118,193847.30952382355,2,1510269407099.3247,1072.87,0.0244
2014-10-16,1835.2571428571425,125,229407.14285714284,3,1508290507194.4443,1068.09,0.0247
2014-10-17,1801.288888889,139,250379.15555557102,4,1506313451567.8635,1051.98,0.0245
2014-10-18,1666.4130952380954,262,436600.23095238104,5,1504338267452.1897,1051.98,0.0245
2014-10-19,1709.666666666667,221,377836.33333333343,6,1502364982128.4304,1051.98,0.0245
2014-10-20,1604.44,104,166861.76,0,1500393622925.9946,1075.36,0.0245
2014-10-21,1694.52,98,166062.96,1,1498424217222.6897,1054.47,0.0243
2014-10-22,1633.9362068965518,118,192804.47241379312,2,1496456792444.7246,1066.23,0.0244
2014-10-23,1597.998214285714,108,172583.8071428571,3,1494491376066.709,1045.3,0.0242
2014-10-24,1636.78125,152,248790.75,4,1492527995611.6514,1035.32,0.024
2014-10-25,1564.4035714285715,196,306623.10000000003,5,1490566678650.9622,1035.32,0.024
2014-10-26,1518.4049999999993,205,311273.025,6,1488607452804.451,1035.32,0.024
2014-10-27,1420.5925925925924,97,137797.48148148152,0,1486650345740.3281,1041.15,0.0239
2014-10-28,1592.409090909091,88,140132.0,1,1484695385175.204,1039.76,0.0237
2014-10-29,1503.8166666666666,87,130832.05,2,1482742598874.0894,1052.19,0.0236
2014-10-30,1326.3923076923074,117,155187.9,3,1480792014650.396,1056.83,0.0232
2014-10-31,1525.4724137931037,176,268483.1448275862,4,1478843660365.9355,1103.93,0.0241
2014-11-01,1564.495,275,430236.125,5,1476897563930.919,1103.93,0.0241
2014-11-02,1559.8137837837835,223,347838.4737837838,6,1474953753303.9592,1103.93,0.0241
2014-11-03,1589.2755263157894,208,330569.30947368423,0,1473012256492.0684,1085.29,0.0232
2014-11-04,1525.7385294117648,175,267004.24264705885,1,1471073101550.6592,1085.29,0.0229
2014-11-05,1545.2188461538462,117,180790.605,2,1469136316583.5444,1071.95,0.0229
2014-11-06,1707.071428571429,141,240697.07142857145,3,1467201929742.9382,1050.74,0.0223
2014-11-07,1694.7357575757578,174,294884.02181818185,4,1465269969229.4536,1011.94,0.0213
2014-11-08,1647.1845528456095,249,410148.9536585568,5,1463340463292.1047,1011.94,0.0213
2014-11-09,1646.1008823529412,209,344035.0844117647,6,1461413440228.3062,1011.94,0.0213
2014-11-10,1615.9741935483871,107,172909.2387096774,0,1459488928383.8718,1011.45,0.0214
2014-11-11,1770.608695652174,96,169978.4347826087,1,1457566956153.018,1042.05,0.0218
2014-11-12,1642.3155172413794,109,179012.39137931034,2,1455647551978.3591,1030.97,0.0216
2014-11-13,1647.5918367346426,137,225720.08163264606,3,1453730744350.9102,1042.13,0.0222
2014-11-14,1649.359375,166,273793.65625,4,1451816561810.0874,1008.3,0.0214
2014-11-15,1605.6002325581396,251,403005.658372093,5,1449905032943.7073,1008.3,0.0214
2014-11-16,1670.985142857143,215,359261.80571428576,6,1447996186387.9858,1008.3,0.0214
2014-11-17,1625.8228571428574,110,178840.51428571425,0,1446090050827.541,1001.01,0.0212
2014-11-18,1689.8383928571427,157,265304.6276785714,1,1444186654995.3884,1007.0,0.0212
2014-11-19,1663.9,163,271215.69999999995,2,1442286027672.9463,1020.36,0.0213
2014-11-20,1860.6496875,194,360966.03937499993,3,1440388197690.032,1021.2,0.0213
2014-11-21,1673.4763235294117,207,346409.59897058824,4,1438493193924.8638,1043.3,0.0217
2014-11-22,1872.5844144143246,272,509342.9607206962,5,1436601045304.0596,1043.3,0.0217
2014-11-23,1690.8794871794873,228,385520.5230769231,6,1434711780802.639,1043.3,0.0217
2014-11-24,1555.833333333333,134,208481.66666666663,0,1432825429444.0195,1060.0,0.0219
2014-11-25,1874.1975,127,238023.0825,1,1430942020300.0215,1073.95,0.0222
2014-11-26,1785.6776923076925,120,214281.3230769231,2,1429061582490.8647,1045.49,0.0216
2014-11-27,1728.552122448857,135,233354.5365305957,3,1427184145185.1682,1024.82,0.0211
2014-11-28,1758.210606060606,187,328785.3833333333,4,1425309737599.9526,997.17,0.0206
2014-11-29,1722.82583333325,266,458271.6716666445,5,1423438389000.6382,997.17,0.0206
2014-11-30,1581.892857142857,208,329033.71428571426,6,1421570128701.046,997.17,0.0206
2014-12-01,1566.5,119,186413.5,0,1419704986063.3977,963.61,0.0196
2014-12-02,1800.823333333333,108,194488.92,1,1417842990498.3137,964.26,0.0197
2014-12-03,1594.6464,103,164248.5792,2,1415984171464.816,925.82,0.0186
2014-12-04,1605.304347826087,108,173372.8695652174,3,1414128558470.327,948.88,0.019
2014-12-05,1622.332,141,228748.812,4,1412276181070.669,917.87,0.0184
2014-12-06,1592.8934210526315,269,428488.3302631579,5,1410427068870.0642,917.87,0.0184
2014-12-07,1872.788,227,425122.87599999993,6,1408581251521.1362,917.87,0.0184
2014-12-08,1690.4230769230771,97,163971.03846153847,0,1406738758724.9082,912.52,0.0189
2014-12-09,1820.0454545454545,102,185644.63636363635,1,1404899620230.8037,867.82,0.0186
2014-12-10,1694.8166666666666,117,198293.55,2,1403063865836.6462,861.72,0.0183
2014-12-11,1859.3933333333332,150,278909.0,3,1401231525388.6606,855.53,0.0182
2014-12-12,1672.6059375,185,309432.0984375,4,1399402628781.4712,814.16,0.0177
2014-12-13,1765.8925,304,536831.32,5,1397577205958.1023,814.16,0.0177
2014-12-14,1710.0348484848487,249,425798.67727272725,6,1395755286909.9802,814.16,0.0177
2014-12-15,1783.7819444444447,186,331783.44166666665,0,1393936901676.9294,792.2,0.0172
2014-12-16,1532.0548387096774,161,246660.82903225804,1,1392122080347.1765,710.29,0.0164
2014-12-17,1622.3411764705884,191,309867.1647058823,2,1390310853057.3462,667.09,0.0146
2014-12-18,1689.5151428571426,218,368314.3011428571,3,1388503249992.4663,739.45,0.0166
2014-12-19,1631.6073809523814,248,404638.6304761905,4,1386699301385.963,753.51,0.0161
2014-12-20,1493.5073333333332,436,651169.1973333332,5,1384899037519.663,753.51,0.0161
2014-12-21,1576.1742424242502,407,641502.9166666699,6,1383102488723.794,753.51,0.0161
2014-12-22,1692.4714285714285,215,363881.35714285716,0,1381309685376.9836,779.21,0.0172
2014-12-23,1623.676666666667,306,496845.06,1,1379520657906.2598,811.85,0.0178
2014-12-24,1622.0047619047616,250,405501.1904761905,2,1377735436787.0503,800.4,0.0183
2014-12-25,1599.6120325202442,283,452690.205203229,3,1375954052543.1846,820.38,0.0186
2014-12-26,1635.1882962962222,382,624641.9291851571,4,1374176535746.8909,845.96,0.0188
2014-12-27,1586.3661805556246,634,1005756.1584722663,5,1372402917018.7988,845.96,0.0188
2014-12-28,1662.970818181818,562,934589.5998181816,6,1370633227027.9375,845.96,0.0188
2014-12-29,1760.3034,545,959365.353,0,1368867496491.7363,827.48,0.0185
2014-12-30,1649.2612499999998,709,1169326.2262499998,1,1367105756176.0264,774.43,0.0169
2014-12-31,1721.9325555555,669,1151972.8796666295,2,1365348036895.0376,774.43,0.0179
2015-01-01,1774.96,147,260919.12,3,1363594369511.401,774.43,0.0172
2015-01-02,1500.3240310076746,484,726156.8310077144,4,1361844784936.147,774.43,0.0172
2015-01-03,1598.0887179487179,373,596087.0917948717,5,1360099314128.7073,774.43,0.0172
2015-01-04,1534.7278260869568,352,540224.1947826088,6,1358357988096.914,774.43,0.0172
2015-01-05,1530.9665957446807,339,518997.67595744674,0,1356620837896.9983,785.8,0.0168
2015-01-06,1760.7033333333338,293,515886.0766666669,1,1354887894633.5933,755.03,0.0166
2015-01-07,1625.225666666667,279,453437.961,2,1353159189459.731,755.03,0.0157
2015-01-08,1529.9623529411765,241,368720.9270588235,3,1351434753576.8442,746.09,0.0159
2015-01-09,1550.1534285714285,258,399939.58457142854,4,1349714618234.7666,810.07,0.0167
2015-01-10,1504.0755172413794,238,357969.9731034483,5,1347998814731.7314,810.07,0.0167
2015-01-11,1670.9173333333335,185,309119.7066666667,6,1346287374414.3726,810.07,0.0167
2015-01-12,1568.0579411764706,130,203847.5323529412,0,1344580328677.724,776.45,0.0163
2015-01-13,1706.9260000000004,111,189468.786,1,1342877708965.2207,755.23,0.0158
2015-01-14,1672.5926923076925,137,229145.19884615386,2,1341179546768.6973,738.15,0.0153
2015-01-15,1468.76,127,186532.52,3,1339485873628.3884,756.45,0.0155
2015-01-16,1845.7407407407406,136,251020.74074074073,4,1337796721132.9294,754.78,0.0153
2015-01-17,1521.817142857143,276,420021.5314285713,5,1336112120919.3564,754.78,0.0153
2015-01-18,1691.4642857142858,236,399185.5714285714,6,1334432104673.1057,754.78,0.0153
2015-01-19,1701.0645161290322,98,166704.32258064515,0,1332756704128.0127,769.31,0.0154
2015-01-20,1412.3846153846155,106,149712.76923076925,1,1331085951066.3147,765.46,0.0154
2015-01-21,1630.6296296296296,97,158171.07407407407,2,1329419877318.6484,760.96,0.0153
2015-01-22,1644.2615384615383,99,162781.89230769232,3,1327758514764.0508,782.68,0.0153
2015-01-23,1638.142857142857,145,237530.7142857143,4,1326101895329.9602,821.41,0.0156
2015-01-24,1629.6193548387093,217,353627.4,5,1324450050992.2136,821.41,0.0156
2015-01-25,1678.2903225806451,201,337336.3548387097,6,1322803013775.0498,821.41,0.0156
2015-01-26,1749.2592592592596,88,153934.81481481483,0,1321160815751.1067,815.99,0.0156
2015-01-27,1551.0,82,127182.0,1,1319523489041.4236,756.36,0.0145
2015-01-28,1521.833333333333,82,124790.33333333331,2,1317891065815.4397,790.52,0.0148
2015-01-29,1554.3,73,113463.9,3,1316263578290.9937,762.85,0.0147
2015-01-30,1596.2962962962963,106,169207.40740740742,4,1314641058734.3262,751.79,0.0145
2015-01-31,1733.551724137931,203,351911.0,5,1313023539460.077,751.79,0.0145
2015-02-01,1585.3903846153846,193,305980.3442307693,6,1311411052831.2856,751.79,0.0145
2015-02-02,1585.3181818181818,104,164873.0909090909,0,1309803631259.3936,754.84,0.0144
2015-02-03,1744.4230769230771,86,150020.38461538462,1,1308201307204.2417,752.72,0.0146
2015-02-04,1733.095238095238,77,133448.33333333337,2,1306604113174.0708,797.84,0.0153
2015-02-05,1648.958333333333,103,169842.7083333333,3,1305012081725.5234,765.11,0.0147
2015-02-06,1595.7777777777776,112,178727.11111111112,4,1303425245463.6404,805.36,0.015
2015-02-07,1590.36,183,291035.88,5,1301843637041.8645,805.36,0.015
2015-02-08,1645.548387096774,157,258351.09677419355,6,1300267289162.0383,805.36,0.015
2015-02-09,1713.75,78,133672.5,0,1298696234574.4043,827.14,0.015
2015-02-10,1532.8433333333335,92,141021.58666666667,1,1297130506077.606,836.56,0.0152
2015-02-11,1669.75,125,208718.75,2,1295570136518.6863,845.02,0.0153
2015-02-12,1564.0344827586207,132,206452.55172413797,3,1294015158793.0894,853.08,0.0153
2015-02-13,1763.0666666666666,154,271512.26666666666,4,1292465605844.6592,876.95,0.0153
2015-02-14,1496.78125,255,381679.21875,5,1290921510665.64,876.95,0.0153
2015-02-15,1700.304347826087,178,302654.17391304346,6,1289382906296.6772,876.95,0.0153
2015-02-16,1521.5454545454545,81,123245.1818181818,0,1287849825826.815,912.76,0.0158
2015-02-17,1614.25,97,156582.25,1,1286322302393.4983,897.45,0.0158
2015-02-18,1364.5185185185185,102,139180.88888888888,2,1284800369182.5742,906.39,0.016
2015-02-19,1552.392857142857,105,163001.25,3,1283284059428.287,927.15,0.0162
2015-02-20,1687.52,161,271690.72,4,1281773406413.2842,912.93,0.0162
2015-02-21,1668.8285714285714,284,473947.3142857143,5,1280268443468.611,912.93,0.0162
2015-02-22,1566.0,299,468234.0,6,1278769203973.7158,912.93,0.0162
2015-02-23,1620.3769696969696,266,431020.273939394,0,1277275721356.4448,912.93,0.0161
2015-02-24,1624.6538461538462,107,173837.96153846153,1,1275788029093.0457,897.12,0.0157
2015-02-25,1523.225357142857,85,129474.15535714285,2,1274306160708.1665,888.26,0.0158
2015-02-26,1854.4444444444446,75,139083.3333333333,3,1272830149774.8547,897.59,0.0163
2015-02-27,1802.8,102,183885.6,4,1271360029914.559,905.06,0.0163
2015-02-28,1565.8166666666666,199,311597.51666666666,5,1269895834797.129,905.06,0.0163
2015-03-01,1717.063571428571,167,286749.6164285714,6,1268437598140.812,905.06,0.0163
2015-03-02,1695.64,80,135651.2,0,1266985353712.2583,901.62,0.0162
2015-03-03,1425.92,81,115499.52,1,1265539135326.518,899.0,0.016
2015-03-04,1707.9818181818182,83,141762.4909090909,2,1264098976847.04,918.29,0.0162
2015-03-05,1474.82,90,132733.8,3,1262664912185.6758,896.38,0.0161
2015-03-06,1667.5,130,216775.0,4,1261236975302.6743,913.12,0.0164
2015-03-07,1619.8497142857145,232,375805.1337142858,5,1259815200206.688,913.12,0.0164
2015-03-08,1570.8185714285714,177,278034.88714285713,6,1258399620954.767,913.12,0.0164
2015-03-09,1503.8913333333335,130,195505.87333333332,0,1256990271652.3635,913.12,0.0165
2015-03-10,1690.6540909090909,78,131871.0190909091,1,1255587186453.329,896.13,0.0164
2015-03-11,1647.8095238095239,62,102164.19047619047,2,1254190399559.916,842.6,0.016
2015-03-12,1723.708333333333,88,151686.3333333333,3,1252799945222.7764,855.74,0.0162
2015-03-13,1752.349642857143,78,136683.27214285714,4,1251415857740.963,856.8,0.0163
2015-03-14,1682.4591176470587,171,287700.50911764713,5,1250038171461.929,856.8,0.0163
2015-03-15,1739.2567857142858,149,259149.2610714286,6,1248666920781.5278,856.8,0.0163
2015-03-16,1650.9545454545455,64,105661.09090909091,0,1247302140144.0132,825.13,0.016
2015-03-17,1674.4545454545455,85,142328.63636363635,1,1245943864042.0386,816.12,0.016
2015-03-18,1656.1818181818182,71,117588.90909090909,2,1244592127016.6592,826.54,0.0162
2015-03-19,1447.6521739130435,84,121602.78260869565,3,1243246963657.3286,866.28,0.0168
2015-03-20,1572.791666666667,100,157279.1666666667,4,1241908408601.902,845.57,0.0166
2015-03-21,1698.7586206896551,175,297282.7586206896,5,1240576496536.6355,845.57,0.0166
2015-03-22,1536.6774193548388,154,236648.32258064518,6,1239251262196.1838,845.57,0.0166
2015-03-23,1628.6153846153845,96,156347.0769230769,0,1237932740363.6028,868.56,0.0169
2015-03-24,1416.483870967742,111,157229.70967741936,1,1236620965870.349,859.34,0.017
2015-03-25,1388.1913333333334,118,163806.57733333335,2,1235315973596.2783,882.91,0.0173
2015-03-26,1553.9594594594596,141,219108.28378378376,3,1234017798469.6477,889.66,0.0174
2015-03-27,1550.8,113,175240.4,4,1232726475467.1147,870.2,0.0174
2015-03-28,1322.9175925925924,196,259291.8481481481,5,1231442039613.7363,870.2,0.0174
2015-03-29,1490.9321052631576,157,234076.3405263158,6,1230164525982.97,870.2,0.0174
2015-03-30,1519.0454545454545,74,112409.36363636363,0,1228893969696.674,855.84,0.0172
2015-03-31,1561.047619047619,72,112395.42857142855,1,1227630405925.1074,881.12,0.0174
2015-04-01,1356.0869565217392,66,89501.73913043477,2,1226373869886.9272,878.56,0.0171
2015-04-02,1179.4833333333333,79,93179.18333333332,3,1225124396849.1938,908.83,0.0173
2015-04-03,1320.9013157894738,107,141336.44078947368,4,1223882022127.3655,934.88,0.0177
2015-04-04,1375.8819999999996,183,251786.406,5,1222646781085.3027,934.88,0.0177
2015-04-05,1504.79641025641,141,212176.29384615386,6,1221418709135.265,934.88,0.0177
2015-04-06,1673.8,64,107123.2,0,1220197841737.912,934.3,0.0177
2015-04-07,1244.9867647058825,81,100843.92794117649,1,1218984214402.3047,967.5,0.018000000000000002
2015-04-08,1409.9175,50,70495.875,2,1217777862685.9038,969.44,0.0182
2015-04-09,1449.3040740740744,68,98552.67703703704,3,1216578822194.5703,987.16,0.0186
2015-04-10,1277.4919444444445,114,145634.0816666667,4,1215387128582.566,1008.16,0.0193
2015-04-11,1493.7945238095235,160,239007.1238095238,5,1214202817552.5522,1008.16,0.0193
2015-04-12,1676.7269230769232,92,154258.87692307692,6,1213025924855.5913,1008.16,0.0193
2015-04-13,1609.5862068965514,68,109451.8620689655,0,1211856486291.1453,984.71,0.0185
2015-04-14,1408.0153125,54,76032.826875,1,1210694537707.0771,1011.08,0.0192
2015-04-15,1531.8396875,69,105696.9384375,2,1209540114999.6494,1017.61,0.0196
2015-04-16,1318.7254054054054,80,105498.03243243245,3,1208393254113.526,1060.6,0.0201
2015-04-17,1273.0401724137932,85,108208.41465517244,4,1207253991041.7698,1065.37,0.02
2015-04-18,1394.4159210526316,147,204979.14039473684,5,1206122361825.8452,1065.37,0.02
2015-04-19,1408.7596774193548,143,201452.63387096772,6,1204998402555.6162,1065.37,0.02
2015-04-20,1610.9130434782608,69,111153.0,0,1203882149369.3477,1004.97,0.0193
2015-04-21,1489.35,54,80424.9,1,1202773638453.7036,995.24,0.0187
2015-04-22,1517.1304347826087,53,80407.91304347826,2,1201672906043.7505,1004.8,0.0186
2015-04-23,1646.2105263157896,61,100418.84210526316,3,1200579988422.952,1009.19,0.0192
2015-04-24,1658.8148148148148,110,182469.62962962964,4,1199494921923.1758,1030.09,0.0197
2015-04-25,1587.6206896551723,127,201627.82758620693,5,1198417742924.6863,1030.09,0.0197
2015-04-26,1706.4615384615383,121,206481.84615384613,6,1197348487856.1511,1030.09,0.0197
2015-04-27,1422.7,50,71135.0,0,1196287193194.6365,1041.08,0.0196
2015-04-28,1614.8157894736844,46,74281.52631578947,1,1195233895465.6091,1016.94,0.0192
2015-04-29,1682.125,74,124477.25,2,1194188631242.9363,1027.74,0.0195
2015-04-30,1636.9272222222219,87,142412.6683333333,3,1193151437148.8865,1031.98,0.0196
2015-05-01,1545.1629166667499,148,228684.11166667897,4,1192122349854.1265,1031.98,0.0193
2015-05-02,1717.984411764706,115,197568.20735294122,5,1191101406077.725,1031.98,0.0193
2015-05-03,1580.625,145,229190.625,6,1190088642587.1516,1031.98,0.0193
2015-05-04,1565.6333333334287,115,180047.83333334434,0,1189084096198.2734,1031.98,0.0193
2015-05-05,1545.04,55,84977.2,1,1188087803775.3604,1033.07,0.0192
2015-05-06,1390.9193548387098,83,115446.30645161292,2,1187099802231.0825,1074.19,0.0198
2015-05-07,1532.9159999999995,70,107304.11999999998,3,1186120128526.5083,1059.42,0.0196
2015-05-08,1588.6308333333334,94,149331.29833333337,4,1185148819671.1094,1058.37,0.02
2015-05-09,1506.5151515151513,79,119014.69696969698,5,1184185912722.7551,1058.37,0.02
2015-05-10,1615.8754838709674,96,155124.0464516129,6,1183231444787.7166,1058.37,0.02
2015-05-11,1617.825,93,150457.725,0,1182285453020.6648,1058.37,0.0198
2015-05-12,1522.9259259259259,54,82238.0,1,1181347974624.671,1058.21,0.0195
2015-05-13,1345.3333333333333,49,65921.33333333331,2,1180419046851.2068,1072.6,0.0199
2015-05-14,1512.4,62,93768.8,3,1179498707000.1443,1077.56,0.0203
2015-05-15,1570.090909090909,56,87925.09090909091,4,1178586992419.756,1057.24,0.02
2015-05-16,1494.3814814813888,143,213696.55185183862,5,1177683940506.7136,1057.24,0.02
2015-05-17,1405.9311111111108,92,129345.6622222222,6,1176789588706.0908,1057.24,0.02
2015-05-18,1431.1535483870969,99,141684.20129032258,0,1175903974511.3608,1075.16,0.0202
2015-05-19,1387.2323232324247,81,112365.81818182637,1,1175027135464.3965,1076.33,0.0203
2015-05-20,1385.772894736842,109,151049.2455263158,2,1174159109155.4724,1056.41,0.0201
2015-05-21,1410.1191452992307,118,166394.05914530926,3,1173299933223.2625,1035.14,0.0201
2015-05-22,1368.7247474748485,104,142347.37373738425,4,1172449645354.8408,1044.73,0.02
2015-05-23,1493.4022101449998,194,289720.02876812994,5,1171608283285.682,1044.73,0.02
2015-05-24,1556.7340416667498,154,239737.0424166795,6,1170775884799.662,1044.73,0.02
2015-05-25,1373.5973076923074,94,129118.14692307693,0,1169952487729.0554,1050.32,0.02
2015-05-26,1680.78,84,141185.52,1,1169138129954.538,1044.84,0.02
2015-05-27,1483.5964285714285,111,164679.20357142854,2,1168332849405.1863,1022.71,0.0196
2015-05-28,1473.7539285714286,96,141480.37714285715,3,1167536684058.4758,1008.39,0.0192
2015-05-29,1583.7326666666665,114,180545.524,4,1166749671940.2842,992.51,0.019
2015-05-30,1510.08,153,231042.24,5,1165971851124.8867,992.51,0.019
2015-05-31,1551.7454629630554,134,207933.89203704946,6,1165203259734.9624,992.51,0.019
2015-06-01,1286.5,16,20584.0,0,1164443935941.588,975.6,0.0191
2015-06-02,1299.125,17,22085.125,1,1163693917964.2407,953.25,0.0187
2015-06-03,1911.5,15,28672.5,2,1162953244070.7996,977.89,0.0189
2015-06-04,1808.8,14,25323.2,3,1162221952577.5427,946.83,0.0184
2015-06-05,1243.2222222222224,21,26107.666666666664,4,1161500081849.1497,916.76,0.0178
2015-06-06,1481.0,22,32582.0,5,1160787670298.6982,916.76,0.0178
2015-06-07,1524.0,18,27432.0,6,1160084756387.6682,916.76,0.0178
2015-06-08,1513.357142857143,9,13620.214285714286,0,1159391378625.94,924.33,0.0178
2015-06-09,1387.7222222222224,12,16652.666666666664,1,1158707575571.7932,926.35,0.0179
2015-06-10,1332.3958333333333,22,29312.70833333333,2,1158033385831.908,944.41,0.018000000000000002
2015-06-11,1292.70625,24,31024.95,3,1157368848061.365,958.31,0.0184
2015-06-12,1475.3157894736844,32,47210.10526315789,4,1156714000963.6453,958.31,0.0182
2015-06-13,1172.1346153846155,20,23442.69230769231,5,1156068883290.63,958.31,0.0182
2015-06-14,1191.732142857143,20,23834.642857142862,6,1155433533842.6008,958.31,0.0182
2015-06-15,1482.333333333333,21,31129.0,0,1154807991468.2395,947.1,0.0181
2015-06-16,1198.8333333333333,7,8391.833333333332,1,1154192295064.629,957.7,0.0183
2015-06-17,1611.4375,12,19337.25,2,1153586483577.2502,978.16,0.0186
2015-06-18,1393.95,19,26485.05,3,1152990595999.9878,973.13,0.0186
2015-06-19,1236.5625,20,24731.25,4,1152404671375.1233,980.37,0.0187
2015-06-20,1269.6666666666667,22,27932.66666666667,5,1151828748793.3408,980.37,0.0187
2015-06-21,1110.5384615384612,20,22210.769230769227,6,1151262867393.7246,980.37,0.0187
2015-06-22,1641.857142857143,10,16418.571428571428,0,1150707066363.7578,969.98,0.0185
2015-06-23,1470.2857142857142,9,13232.571428571428,1,1150161384939.3252,978.46,0.0185
2015-06-24,1636.5,16,26184.0,2,1149625862404.7114,966.98,0.0186
2015-06-25,1441.857142857143,15,21627.857142857145,3,1149100538092.6013,951.77,0.0184
2015-06-26,1187.9444444444443,18,21383.0,4,1148585451384.0806,940.14,0.0183
2015-06-27,1552.2233333333331,24,37253.359999999986,5,1148080641708.6345,940.14,0.0183
2015-06-28,1868.166666666667,14,26154.333333333336,6,1147586148544.1484,940.14,0.0183
2015-06-29,1941.7142857142856,11,21358.857142857145,0,1147102011416.9097,938.73,0.0181
2015-06-30,1215.6666666666667,11,13372.333333333336,1,1146628269901.6038,926.48,0.0179
