Date,Open,Max,Min,Close,"Trading Volume, USD","Market Capitalization, USD",
30.06.2015,926.48,939.93,916.06,939.93,488750114,139813401972,
29.06.2015,938.73,938.73,921.74,928.03,341186023,138042910445,
26.06.2015,940.14,944.23,933.75,943.01,456566033,140271600959,
25.06.2015,951.77,956.86,941.32,941.32,349944666,140019336427,
24.06.2015,966.98,974.63,949.42,951.45,406391547,141527160993,
23.06.2015,978.46,979.74,957.31,964.32,398748512,143441237065,
22.06.2015,969.98,988.40,969.98,978.85,472596015,145602129184,
19.06.2015,980.37,980.54,960.77,966.90,453897941,143825210236,
18.06.2015,973.13,989.87,973.13,981.82,430682284,146043251467,
17.06.2015,978.16,979.86,966.55,966.55,459784796,143773132357,
16.06.2015,957.70,978.29,957.70,978.29,489446498,145519185640,
15.06.2015,947.10,958.93,932.02,957.38,640704533,142755938950,
11.06.2015,958.31,959.96,942.36,950.38,499367362,141711179851,
10.06.2015,944.41,968.44,944.41,958.97,477951222,142993157973,
09.06.2015,926.35,943.84,919.89,943.54,519940811,140691992649,
08.06.2015,924.33,940.31,918.68,923.23,505169480,137663039159,
05.06.2015,916.76,930.92,904.76,922.67,491947860,137579215987,
04.06.2015,946.83,948.53,918.83,922.63,605210783,137573294438,
03.06.2015,977.89,983.01,943.20,947.28,662759624,141249722063,
02.06.2015,953.25,978.67,950.86,973.45,524742103,145152180445,
01.06.2015,975.60,979.34,953.88,953.88,576797944,142233778125,
29.05.2015,992.51,1009.21,968.81,968.81,919940287,144459920988,
28.05.2015,1008.39,1011.69,989.53,990.87,567935934,147749593504,
27.05.2015,1022.71,1026.38,1000.41,1012.21,683285611,150930699452,
26.05.2015,1044.84,1046.49,1023.61,1025.16,553628324,152861883629,
25.05.2015,1050.32,1053.94,1034.72,1041.58,408190042,155310040611,
22.05.2015,1044.73,1052.89,1041.43,1051.21,610146136,156745705864,
21.05.2015,1035.14,1051.76,1030.32,1047.47,657792145,156188898164,
20.05.2015,1056.41,1056.80,1027.17,1031.97,543375573,153876887472,
19.05.2015,1076.33,1080.27,1045.99,1057.60,589329851,157699295961,
18.05.2015,1075.16,1089.51,1074.41,1075.47,490173754,160364124786,
15.05.2015,1057.24,1075.42,1056.18,1074.73,548777832,160253355087,
14.05.2015,1077.56,1077.56,1052.09,1054.90,554554466,157296606257,
13.05.2015,1072.60,1092.52,1072.60,1082.21,697788303,161368886644,
12.05.2015,1058.21,1070.19,1049.77,1070.19,705660068,159576693698,
08.05.2015,1058.37,1059.73,1041.58,1059.52,526870367,157985386815,
07.05.2015,1059.42,1067.21,1045.58,1060.73,610757418,158166250482,
06.05.2015,1074.19,1087.47,1063.53,1066.19,674460828,158979386978,
05.05.2015,1033.07,1073.60,1023.57,1072.93,831460853,159985340971,
30.04.2015,1031.98,1036.42,1016.88,1029.31,563768033,153481577943,
29.04.2015,1027.74,1038.73,1019.29,1031.78,495685960,153849650971,
28.04.2015,1016.94,1030.83,1004.13,1029.71,563332392,153540684076,
27.04.2015,1041.08,1046.99,1020.03,1022.78,588089439,152506738740,
24.04.2015,1030.09,1054.21,1025.07,1037.52,793156079,154705160122,
23.04.2015,1009.19,1033.33,995.55,1028.47,879912683,153355425915,
22.04.2015,1004.80,1007.32,992.50,1004.00,686493831,149707166421,
21.04.2015,995.24,1007.69,986.98,1007.69,657252724,150256494253,
20.04.2015,1004.97,1025.10,982.55,995.70,805142150,148469158541,
17.04.2015,1065.37,1067.85,998.96,998.96,892951150,148955348092,
16.04.2015,1060.60,1066.68,1043.05,1061.60,874525597,158294952418,
15.04.2015,1017.61,1053.31,1017.61,1052.33,785075144,156914023829,
14.04.2015,1011.08,1017.64,996.55,1015.51,680213994,151422501877,
13.04.2015,984.71,1018.52,980.24,1004.62,758517432,149799223155,
10.04.2015,1008.16,1034.36,988.01,999.38,876404349,149018124290,
09.04.2015,987.16,1008.40,985.53,1003.42,1029511743,149620363021,
08.04.2015,969.44,991.06,968.10,988.30,602815563,147365319330,
07.04.2015,967.50,975.32,955.06,971.24,755766141,144822662813,
06.04.2015,934.30,971.08,934.30,971.08,443900553,144797527859,
03.04.2015,934.88,943.39,925.79,930.12,339721237,138690798626,
02.04.2015,908.83,935.28,908.16,933.58,646183374,139206597981,
01.04.2015,878.56,910.41,872.03,910.41,657934815,135751294569,
31.03.2015,881.12,888.44,871.33,880.42,584864273,131280465799,
30.03.2015,855.84,880.50,851.17,878.94,493046354,131059732063,
27.03.2015,870.20,871.81,856.44,856.44,488993069,127704040629,
26.03.2015,889.66,911.35,867.39,868.62,641737400,129520373062,
25.03.2015,882.91,897.01,877.37,882.07,477878831,131526189405,
24.03.2015,859.34,882.98,851.88,880.28,484563165,131259128753,
23.03.2015,868.56,871.87,853.92,859.14,521902900,128107207635,
20.03.2015,845.57,868.32,839.26,862.14,912556328,128554080300,
19.03.2015,866.28,874.26,843.40,847.99,574104611,126443474076,
18.03.2015,826.54,845.96,826.54,841.05,461542124,125408943084,
17.03.2015,816.12,831.48,816.12,822.76,540781942,122682326930,
16.03.2015,825.13,830.86,811.41,812.88,572763457,119615214986,
13.03.2015,856.80,858.65,830.99,833.57,551695936,122659116642,
12.03.2015,855.74,871.10,855.74,859.26,458907532,126439270095,
11.03.2015,842.60,859.26,835.70,847.98,572010448,124780068822,
10.03.2015,896.13,896.73,845.36,845.36,662196426,124393526742,
06.03.2015,913.12,933.65,903.45,903.45,469407069,132941863886,
05.03.2015,896.38,920.44,889.83,912.38,694554511,134255674462,
04.03.2015,918.29,924.86,888.27,889.68,526990143,130915408152,
03.03.2015,899.00,925.73,894.09,917.05,656101788,134943063866,
02.03.2015,901.62,907.21,892.23,903.56,452909488,132957913894,
27.02.2015,905.06,912.25,885.11,896.63,552969002,131939104594,
26.02.2015,897.59,921.78,897.59,911.98,669062714,134196496879,
25.02.2015,888.26,892.06,875.69,883.88,555012535,130062310728,
24.02.2015,897.12,898.04,869.91,888.69,467567927,130770284022,
20.02.2015,912.93,923.61,902.02,910.42,511027875,133967786495,
19.02.2015,927.15,927.20,888.15,906.51,758385916,133392996214,
18.02.2015,906.39,937.07,906.39,929.35,791062128,136752666388,
17.02.2015,897.45,933.44,891.36,894.61,839306628,131641407416,
16.02.2015,912.76,924.06,895.59,897.35,584473906,132045022265,
13.02.2015,876.95,914.21,876.95,914.05,1161482573,134502392750,
12.02.2015,853.08,884.41,821.76,861.93,1293218605,126832817807,
11.02.2015,845.02,854.57,832.03,832.33,575618160,122476847633,
10.02.2015,836.56,854.64,821.08,825.89,489045379,121528685887,
09.02.2015,827.14,882.93,825.07,840.48,957076794,123676188169,
06.02.2015,805.36,832.66,804.36,826.40,810342829,121604475547,
05.02.2015,765.11,807.65,753.37,804.50,700816944,118381293607,
04.02.2015,797.84,809.96,766.18,770.63,424775045,113398013271,
03.02.2015,752.72,787.82,752.72,786.69,544789716,115761129920,
02.02.2015,754.84,760.07,725.17,745.82,619268208,109746170985,
30.01.2015,751.79,764.59,720.31,737.35,597068950,108499918823,
29.01.2015,762.85,769.31,747.45,747.45,556437828,109987188424,
28.01.2015,790.52,803.54,762.88,765.37,632473898,112623807614,
27.01.2015,756.36,785.25,743.39,783.53,650195671,115296223668,
26.01.2015,815.99,815.99,777.21,781.31,560695928,114968851542,
23.01.2015,821.41,845.65,817.06,820.99,689548313,120807528253,
22.01.2015,782.68,821.34,778.57,817.14,766495786,120241093999,
21.01.2015,760.96,784.15,752.89,782.13,471548728,115089976774,
20.01.2015,765.46,773.15,750.85,756.27,486296983,111284499869,
19.01.2015,769.31,797.97,763.65,766.57,570772942,112799617573,
16.01.2015,754.78,770.68,747.84,769.80,456014744,113276130089,
15.01.2015,756.45,776.27,751.93,762.39,592834968,112185197834,
14.01.2015,738.15,744.39,723.98,743.06,477966223,109340972336,
13.01.2015,755.23,758.15,724.64,737.88,503663822,108578282403,
12.01.2015,776.45,778.97,748.92,756.63,370739809,111337108898,
09.01.2015,810.07,820.15,765.94,782.62,439203471,115161854781,
08.01.2015,746.09,822.32,744.77,812.02,575687566,119488882764,
06.01.2015,755.03,755.03,723.21,746.48,336593957,109844582927,
05.01.2015,785.80,789.09,744.23,761.30,253213163,112025442925,
30.12.2014,774.43,795.84,756.96,790.71,451335367,116351872382,
29.12.2014,827.48,827.48,782.27,795.09,562256302,116996493807,
26.12.2014,845.96,864.71,821.61,828.57,411157618,121924022126,
25.12.2014,820.38,849.82,817.60,844.09,446070812,124207917852,
24.12.2014,800.40,817.83,792.75,814.97,511658713,119921798292,
23.12.2014,811.85,849.89,782.26,794.99,743650276,116981756139,
22.12.2014,779.21,847.74,779.21,811.03,897521783,119343143589,
19.12.2014,753.51,768.06,739.11,768.06,729873621,113018971428,
18.12.2014,739.45,786.01,732.78,764.93,1285051866,112558470699,
17.12.2014,667.09,744.49,623.88,718.26,1159062599,105691686171,
16.12.2014,710.29,752.32,578.21,629.15,1472684374,92579100081,
15.12.2014,792.20,802.03,718.32,718.32,1124861786,108606863684,
12.12.2014,814.16,817.46,784.53,799.18,882120401,120832141376,
11.12.2014,855.53,860.50,817.42,824.01,907541448,124585963058,
10.12.2014,861.72,879.50,852.78,855.05,770329943,129278938372,
09.12.2014,867.82,867.82,846.83,857.51,800696166,129651602543,
08.12.2014,912.52,922.58,870.20,870.37,864082030,131595832507,
05.12.2014,917.87,939.97,893.33,908.75,816627502,137398463191,
04.12.2014,948.88,969.03,918.65,918.65,1102982407,138894600227,
03.12.2014,925.82,953.82,914.08,948.58,865049939,143419997306,
02.12.2014,964.26,981.99,923.49,925.43,890044478,139919581686,
01.12.2014,963.61,967.08,925.90,958.33,1181927968,144894477191,
28.11.2014,997.17,997.17,965.72,974.27,903681409,147304348985,
27.11.2014,1024.82,1038.79,1000.32,1006.43,832881425,152166741932,
26.11.2014,1045.49,1045.49,1022.31,1027.61,651856460,155368978668,
25.11.2014,1073.95,1074.24,1051.29,1054.38,585462362,159417239014,
24.11.2014,1060.00,1085.16,1058.59,1076.16,701313791,162709350548,
21.11.2014,1043.30,1063.03,1041.19,1058.80,785457990,160085569658,
20.11.2014,1021.20,1041.20,1021.05,1040.36,743260242,157296233522,
19.11.2014,1020.36,1025.05,1014.61,1021.17,661352190,154395845007,
18.11.2014,1007.00,1027.98,1003.97,1020.77,792195959,154335739447,
17.11.2014,1001.01,1007.73,996.90,1004.13,539339760,151818801194,
14.11.2014,1008.30,1008.30,983.19,1002.96,704573823,151642660780,
13.11.2014,1042.13,1045.00,1011.58,1012.16,841229111,153032996809,
12.11.2014,1030.97,1045.21,1024.27,1045.09,731469166,158011467875,
11.11.2014,1042.05,1047.65,1022.61,1028.95,821972550,155572314577,
10.11.2014,1011.45,1054.40,1011.45,1045.51,788692103,158076217933,
07.11.2014,1011.94,1028.20,978.62,1007.68,1312018612,152355993092,
06.11.2014,1050.74,1054.28,1007.64,1017.28,878107470,153807877279,
05.11.2014,1071.95,1071.95,1035.86,1054.45,797604267,159427890116,
03.11.2014,1085.29,1086.90,1073.30,1078.33,394703320,163037433964,
31.10.2014,1103.93,1112.71,1078.47,1091.44,1201805888,165020156667,
30.10.2014,1056.83,1098.68,1040.95,1098.68,1147662548,166115177248,
29.10.2014,1052.19,1059.62,1040.99,1059.62,844956716,160209233652,
28.10.2014,1039.76,1055.69,1035.69,1049.58,717773543,158691078366,
27.10.2014,1041.15,1054.81,1030.81,1039.50,703914559,157166872725,
24.10.2014,1035.32,1038.34,1023.78,1036.68,488090888,156740783155,
23.10.2014,1045.30,1045.30,1025.22,1035.91,820147396,156624110141,
22.10.2014,1066.23,1072.21,1047.19,1047.47,727861992,158372592605,
21.10.2014,1054.47,1068.80,1044.41,1063.86,724971949,160850022954,
20.10.2014,1075.36,1079.78,1050.85,1056.71,685261386,159769017886,
17.10.2014,1051.98,1076.05,1048.95,1072.94,741047032,162223615392,
16.10.2014,1068.09,1077.29,1037.44,1045.23,958716627,158033987187,
15.10.2014,1072.87,1076.03,1057.33,1067.05,658475471,161331739669,
14.10.2014,1077.48,1088.92,1071.99,1075.45,696535983,162603086674,
13.10.2014,1061.45,1086.33,1060.19,1076.58,700633976,162772970065,
10.10.2014,1081.44,1081.44,1060.29,1064.29,808845154,160914728963,
09.10.2014,1092.15,1111.60,1084.35,1088.80,786806723,164620427237,
08.10.2014,1102.63,1102.63,1082.59,1082.59,740774705,163681936258,
07.10.2014,1120.43,1127.78,1106.07,1106.80,622926679,167343088545,
06.10.2014,1096.30,1124.51,1096.30,1120.20,756571517,169368636210,
03.10.2014,1093.23,1104.22,1088.48,1092.12,676651402,165122311165,
02.10.2014,1111.62,1117.74,1092.84,1095.11,842208027,165575222595,
01.10.2014,1122.39,1135.82,1113.42,1113.42,711561885,168342917986,
30.09.2014,1127.95,1140.74,1121.28,1123.72,847918141,169900513137,
29.09.2014,1159.06,1162.77,1124.69,1126.21,706262324,170277055205,
26.09.2014,1171.83,1171.83,1149.95,1156.15,692855070,174803730357,
25.09.2014,1191.45,1196.05,1175.17,1175.59,735150710,177743571831,
24.09.2014,1168.03,1191.60,1168.03,1189.23,702177809,179804904234,
23.09.2014,1152.78,1169.81,1152.78,1167.25,657074457,176482335115,
22.09.2014,1168.37,1172.16,1151.16,1151.16,616321750,174049314073,
19.09.2014,1188.64,1191.95,1165.59,1170.25,1055924334,176935061715,
18.09.2014,1189.83,1197.17,1184.03,1187.24,679120802,179504704792,
17.09.2014,1199.65,1205.96,1181.28,1190.10,1126885010,179937241243,
16.09.2014,1195.32,1207.15,1180.13,1202.00,882163669,181735382207,
15.09.2014,1212.35,1215.85,1188.09,1194.73,945408732,170993445371,
12.09.2014,1217.71,1225.63,1203.79,1213.27,804837574,173647132102,
11.09.2014,1242.70,1247.94,1215.12,1217.88,815373848,174307116543,
10.09.2014,1243.64,1246.48,1235.16,1239.09,517676847,177343517154,
09.09.2014,1246.51,1257.13,1243.77,1246.64,616019820,178423628070,
08.09.2014,1254.74,1255.91,1239.57,1245.53,706464552,178265093303,
05.09.2014,1237.33,1270.53,1232.91,1257.26,1006466367,179943307900,
04.09.2014,1241.01,1247.91,1226.90,1241.51,921778841,177690084127,
03.09.2014,1179.45,1244.17,1179.33,1239.23,1531877897,177362690032,
02.09.2014,1177.93,1182.44,1167.15,1177.93,551302673,168589631092,
01.09.2014,1192.82,1197.81,1173.29,1177.66,918685867,168550430982,
29.08.2014,1218.15,1219.32,1190.23,1190.23,900624756,170349734552,
28.08.2014,1259.75,1260.41,1211.00,1219.49,1189783748,174537963007,
27.08.2014,1262.88,1271.96,1259.19,1260.72,537118292,180438619954,
26.08.2014,1267.87,1273.64,1257.14,1259.47,539298731,180260494676,
25.08.2014,1260.49,1270.16,1259.77,1267.42,480936619,181398202460,
22.08.2014,1275.73,1280.08,1246.45,1260.07,790375480,180345502982,
21.08.2014,1256.76,1275.60,1253.93,1275.60,769254360,182568004668,
20.08.2014,1251.23,1257.41,1244.99,1257.41,697673194,179964418095,
19.08.2014,1244.83,1256.80,1244.83,1251.69,706193826,179145821090,
18.08.2014,1233.54,1249.11,1232.89,1243.56,498476244,177983146930,
15.08.2014,1231.42,1249.77,1223.64,1232.34,732669731,176377588573,
14.08.2014,1221.23,1238.85,1216.29,1231.94,905330507,176320298791,
13.08.2014,1198.58,1225.06,1194.72,1220.80,918540971,174724795514,
12.08.2014,1203.82,1209.77,1192.19,1198.72,823968964,171564558017,
11.08.2014,1181.70,1208.67,1181.70,1203.67,855022088,172273368745,
08.08.2014,1156.95,1182.67,1147.04,1170.60,937756098,167540203107,
07.08.2014,1158.06,1162.48,1134.04,1157.97,1274159359,165732778103,
06.08.2014,1189.72,1189.72,1159.12,1160.86,1224391626,166146348570,
05.08.2014,1213.28,1217.57,1189.43,1191.37,718012496,170513597538,
04.08.2014,1213.80,1224.77,1202.01,1212.21,717662165,173495316454,
01.08.2014,1215.63,1216.68,1196.15,1212.74,919967611,173571807945,
31.07.2014,1223.60,1244.27,1217.58,1219.36,796417476,174519849845,
30.07.2014,1202.22,1240.52,1198.37,1222.40,1117793528,174953658009,
29.07.2014,1208.66,1219.14,1198.76,1207.29,984377884,172791616708,
28.07.2014,1242.71,1242.71,1206.34,1208.83,851192293,173012148667,
25.07.2014,1264.35,1264.35,1243.04,1246.25,834213784,178368057547,
24.07.2014,1269.11,1270.33,1250.58,1266.72,715237148,181298136352,
23.07.2014,1268.31,1285.50,1261.73,1272.02,843238228,182056086703,
22.07.2014,1244.64,1276.64,1244.64,1266.88,1013830880,181320809848,
21.07.2014,1277.51,1277.51,1239.08,1239.13,1115657899,177349041843,
18.07.2014,1278.39,1280.14,1262.27,1276.28,1134429973,182665330586,
17.07.2014,1336.93,1336.93,1286.24,1299.03,1335636419,185921963591,
16.07.2014,1342.78,1358.89,1335.41,1350.52,899464885,193290815664,
15.07.2014,1358.05,1366.11,1349.54,1352.15,901129863,193524979915,
14.07.2014,1379.34,1380.21,1360.53,1361.89,749934236,194918219000,
11.07.2014,1384.09,1389.67,1373.49,1383.18,794890687,197965016039,
10.07.2014,1408.89,1417.41,1366.58,1383.70,1183472091,198040089969,
09.07.2014,1391.66,1404.33,1382.20,1403.72,824170106,200904867657,
08.07.2014,1383.40,1408.78,1383.19,1393.59,1048628256,199455727836,
07.07.2014,1359.00,1389.43,1353.40,1385.24,756285381,198260618095,
04.07.2014,1389.70,1391.84,1356.95,1360.48,731558056,194717247833,
03.07.2014,1391.47,1401.40,1384.72,1390.72,856811747,199045196730,
02.07.2014,1361.53,1390.47,1360.48,1390.47,1001047047,199008951205,
01.07.2014,1361.47,1363.42,1344.91,1362.10,704038031,194948274721,
30.06.2014,1379.94,1380.57,1354.28,1366.08,733192654,195517712577,
27.06.2014,1378.96,1387.64,1372.28,1379.75,712650298,197475494971,
26.06.2014,1385.31,1390.65,1369.11,1377.41,984802505,197140158373,
25.06.2014,1412.76,1412.76,1380.91,1383.02,1141961313,197942697417,
24.06.2014,1373.57,1421.07,1373.57,1421.07,1380396067,203388329921,
23.06.2014,1361.28,1377.73,1357.46,1369.10,809415994,195950008028,
20.06.2014,1368.13,1370.84,1355.43,1358.73,954358628,194466989166,
19.06.2014,1372.98,1388.47,1370.53,1371.55,966503212,196300738520,
18.06.2014,1344.82,1367.26,1342.88,1362.99,968632796,195075487956,
17.06.2014,1357.67,1359.56,1338.76,1343.50,896916478,192287142161,
16.06.2014,1356.75,1365.76,1335.50,1357.80,1851078613,194515914425,
11.06.2014,1367.25,1374.94,1363.60,1374.94,819330009,196970280087,
10.06.2014,1363.31,1368.84,1351.68,1368.84,842765122,196097790927,
09.06.2014,1359.10,1375.08,1359.10,1361.65,764605858,195066795432,
06.06.2014,1337.26,1359.50,1324.06,1359.10,1106521778,194701404549,
05.06.2014,1326.28,1340.72,1325.86,1333.86,1034732708,191085811384,
04.06.2014,1321.10,1327.84,1311.31,1324.87,913650277,189797533238,
03.06.2014,1318.05,1324.03,1303.10,1324.03,997210141,189678407182,
02.06.2014,1297.61,1330.13,1297.61,1322.52,1172336837,189460682061,
30.05.2014,1315.41,1318.40,1295.75,1295.75,1007268571,185626143921,
29.05.2014,1301.89,1319.01,1297.27,1314.71,1056087997,188343030241,
28.05.2014,1297.94,1304.40,1285.62,1300.46,953955424,186301573198,
27.05.2014,1335.11,1335.11,1290.48,1297.50,1303346379,185877318231,
26.05.2014,1328.43,1344.53,1326.63,1335.73,765662483,191353321281,
23.05.2014,1311.57,1331.68,1305.72,1326.58,1059368380,190042429237,
22.05.2014,1322.17,1326.33,1304.45,1312.97,974302161,188093645796,
21.05.2014,1298.99,1318.73,1292.30,1317.09,1755646442,188683041415,
20.05.2014,1291.52,1301.38,1279.37,1298.64,1417119858,186040386106,
19.05.2014,1262.65,1294.09,1262.12,1289.98,1212921573,184799745217,
16.05.2014,1250.06,1262.01,1243.33,1262.01,944049067,180792899299,
15.05.2014,1262.40,1271.33,1252.00,1253.00,1152853176,179502058052,
14.05.2014,1254.24,1261.01,1250.08,1261.01,964683453,180649274217,
13.05.2014,1234.89,1262.06,1233.76,1254.29,1260826389,179687025545,
12.05.2014,1233.72,1241.43,1221.89,1234.31,1063571988,176825076177,
08.05.2014,1230.00,1246.50,1215.35,1232.78,1509438159,176605660887,
07.05.2014,1169.58,1241.38,1167.55,1227.75,1684241272,175884590487,
06.05.2014,1144.86,1174.98,1144.86,1172.91,838806862,168028381917,
05.05.2014,1144.18,1148.63,1134.31,1143.44,441792875,163807462954,
02.05.2014,1151.70,1151.70,1139.59,1148.96,435719109,164597250691,
30.04.2014,1153.87,1156.18,1142.44,1155.70,756633204,165562918127,
29.04.2014,1149.48,1167.90,1148.79,1153.36,1056998728,165227637951,
28.04.2014,1114.95,1142.70,1100.85,1139.29,1593965670,163212267995,
25.04.2014,1140.62,1140.62,1117.45,1119.37,1329340053,160358340041,
24.04.2014,1174.52,1177.41,1135.50,1145.66,1386550966,164124287295,
23.04.2014,1178.02,1179.02,1168.09,1171.99,832021986,167896757660,
22.04.2014,1186.10,1186.55,1169.16,1178.81,921226442,168873447354,
21.04.2014,1200.44,1200.93,1184.94,1187.94,563534382,170181704858,
18.04.2014,1194.11,1207.47,1194.11,1200.22,790864847,171940690194,
17.04.2014,1157.59,1173.64,1154.48,1172.62,995408434,167987386048,
16.04.2014,1146.26,1157.91,1134.78,1154.31,1391766310,165363833982,
15.04.2014,1175.54,1181.02,1141.37,1142.96,1141330174,163737766789,
14.04.2014,1200.22,1200.22,1170.06,1179.97,1204922328,169040434122,
11.04.2014,1199.50,1212.55,1189.61,1204.07,1104547827,172492543165,
10.04.2014,1196.25,1213.46,1193.65,1213.46,1174053125,173838263686,
09.04.2014,1195.80,1198.55,1179.28,1190.13,1094750428,170495047961,
08.04.2014,1194.48,1199.84,1180.89,1195.71,1228973593,171294700053,
07.04.2014,1225.49,1225.49,1176.67,1193.78,1571298103,171017769008,
04.04.2014,1213.09,1240.29,1207.80,1233.93,1081571716,176769778410,
03.04.2014,1222.93,1227.78,1205.52,1210.71,964897176,173443673844,
02.04.2014,1236.50,1239.69,1211.85,1222.47,1131344726,175128129247,
01.04.2014,1227.13,1241.90,1219.49,1235.74,1241011189,177029005289,
31.03.2014,1187.60,1226.10,1184.82,1226.10,1221042205,175648893179,
28.03.2014,1180.51,1192.84,1172.58,1186.28,1073704995,169943319955,
27.03.2014,1193.48,1196.52,1167.70,1179.47,1253687567,168968842452,
26.03.2014,1176.45,1208.04,1176.45,1198.89,1632910581,171750667595,
25.03.2014,1135.07,1178.29,1127.72,1170.20,1457803755,167640663546,
24.03.2014,1135.11,1161.91,1131.46,1131.60,1174473016,162110403810,
21.03.2014,1127.52,1136.98,1098.55,1136.21,1674637864,162770744384,
20.03.2014,1142.80,1157.19,1136.59,1150.82,1175222193,164864167349,
19.03.2014,1160.78,1177.77,1146.50,1155.81,1740258287,165578492749,
18.03.2014,1121.60,1164.38,1100.56,1161.26,1941942344,166360276510,
17.03.2014,1070.41,1119.24,1063.93,1114.66,2508337488,159891366899,
14.03.2014,1064.19,1065.25,1016.01,1062.47,2241593864,152405698916,
13.03.2014,1104.49,1111.19,1077.89,1077.89,1585266310,154616632042,
12.03.2014,1126.91,1126.91,1098.21,1100.14,1413025254,157808691838,
11.03.2014,1153.57,1155.97,1129.04,1132.05,1208829944,162386207579,
07.03.2014,1163.07,1179.20,1148.71,1158.87,1372121203,166233326491,
06.03.2014,1182.74,1194.94,1129.87,1164.63,2037562744,167059135302,
05.03.2014,1188.19,1190.59,1158.40,1182.05,1425871456,169558499910,
04.03.2014,1121.68,1191.05,1121.68,1184.22,2593940468,169870030350,
03.03.2014,1239.77,1239.77,1087.46,1115.06,3149344501,159948947197,
28.02.2014,1262.91,1268.38,1243.96,1267.27,1381894734,181782304519,
27.02.2014,1285.83,1290.43,1244.38,1260.95,1458709495,180876592059,
26.02.2014,1306.90,1307.93,1281.03,1286.07,1000200016,184479391743,
25.02.2014,1321.31,1325.14,1301.07,1306.37,797748605,187391624783,
24.02.2014,1315.56,1324.44,1311.23,1318.98,556870668,189199766525,
21.02.2014,1305.88,1318.10,1304.15,1315.54,652437247,188706218760,
20.02.2014,1300.41,1304.98,1291.61,1303.15,941157021,186929195072,
19.02.2014,1342.46,1342.46,1302.58,1306.00,1185734030,187338302329,
18.02.2014,1347.76,1354.31,1341.15,1343.62,841140652,192733971403,
17.02.2014,1343.20,1359.58,1338.95,1347.41,806072123,193277851424,
14.02.2014,1321.61,1347.19,1321.37,1343.20,873659044,192674264089,
13.02.2014,1353.17,1354.60,1319.02,1321.61,813121089,189577099641,
12.02.2014,1341.85,1357.57,1341.12,1353.17,813174020,194104026002,
11.02.2014,1336.02,1350.61,1333.36,1341.85,757113786,192480047126,
10.02.2014,1341.49,1346.65,1335.75,1336.02,679694672,191643725316,
07.02.2014,1330.28,1349.00,1330.28,1341.49,900270986,192429504594,
06.02.2014,1317.50,1332.05,1314.12,1330.28,828297031,190820223565,
05.02.2014,1291.82,1322.15,1288.95,1317.50,932054080,188987142871,
04.02.2014,1293.20,1293.56,1265.71,1291.82,1024931598,185303399626,
03.02.2014,1301.02,1309.36,1292.77,1293.20,939013622,185501519578,
31.01.2014,1320.90,1323.67,1294.34,1301.02,1209414570,186624085232,
30.01.2014,1308.00,1322.09,1286.66,1320.90,1494385438,189475694789,
29.01.2014,1332.51,1356.10,1304.23,1308.00,1489974058,187625499463,
28.01.2014,1346.51,1354.04,1330.89,1332.51,1159196813,191140547852,
27.01.2014,1364.11,1365.38,1334.54,1346.51,1340750466,193149356664,
24.01.2014,1381.59,1389.69,1357.33,1364.11,1475775713,195673906802,
23.01.2014,1391.75,1397.68,1381.45,1381.59,1092506198,198180513011,
22.01.2014,1395.87,1398.32,1385.05,1391.75,1265629282,199638720887,
21.01.2014,1394.49,1402.33,1391.59,1395.87,979596280,200229117860,
20.01.2014,1395.79,1399.56,1389.49,1394.49,716205203,200031047792,
17.01.2014,1397.23,1409.17,1389.59,1395.79,950498532,200217382675,
16.01.2014,1401.78,1406.90,1394.24,1397.23,932740958,200424952561,
15.01.2014,1388.69,1402.14,1388.40,1401.78,1045951404,201076590572,
14.01.2014,1401.82,1401.82,1374.74,1388.69,948098636,199199417531,
13.01.2014,1395.91,1410.62,1395.29,1401.82,903530230,201082993111,
10.01.2014,1388.86,1397.21,1378.70,1395.91,891833643,200235302379,
09.01.2014,1390.35,1398.48,1387.48,1388.86,615421850,199223841511,
08.01.2014,1388.28,1399.19,1387.86,1390.35,494925035,199437936714,
06.01.2014,1442.73,1443.85,1387.23,1388.28,520833811,199140270964,
30.12.2013,1445.39,1449.90,1436.68,1442.73,582692473,206951902707,
27.12.2013,1448.29,1460.36,1445.05,1445.39,526443033,207333296885,
26.12.2013,1447.50,1467.85,1444.83,1448.29,380038232,207749169045,
25.12.2013,1454.02,1456.70,1447.10,1447.50,380609621,207635137054,
24.12.2013,1453.10,1457.65,1451.35,1454.02,551041393,208570904546,
23.12.2013,1429.91,1455.22,1426.94,1453.10,887744035,208439219926,
20.12.2013,1431.11,1433.76,1423.11,1429.91,1123030821,205112722171,
19.12.2013,1423.87,1445.06,1423.24,1431.11,1379464361,205284939116,
18.12.2013,1414.68,1423.87,1412.39,1423.87,970203518,204246568890,
17.12.2013,1407.25,1418.34,1402.94,1414.68,1095112416,202927172279,
16.12.2013,1391.85,1408.04,1385.45,1407.25,1234549742,209757326047,
13.12.2013,1393.57,1398.85,1388.76,1391.85,988583817,207461303805,
12.12.2013,1409.28,1411.71,1388.82,1393.57,1105483122,207718032106,
11.12.2013,1409.85,1413.68,1396.81,1409.28,885743142,210059285264,
10.12.2013,1412.08,1415.40,1404.61,1409.85,1069387402,210144243292,
09.12.2013,1390.61,1413.13,1388.13,1412.08,1143077228,210477834870,
06.12.2013,1362.55,1391.85,1362.05,1390.61,1174987178,207277344961,
05.12.2013,1364.44,1379.09,1360.25,1362.55,1258226134,203094506145,
04.12.2013,1372.44,1380.38,1361.21,1364.44,1314996988,203376686557,
03.12.2013,1398.74,1400.07,1365.24,1372.44,1433258769,204569225759,
02.12.2013,1402.93,1414.17,1396.89,1398.74,735391954,208488900106,
29.11.2013,1406.51,1412.58,1393.05,1402.93,949333033,209112701990,
28.11.2013,1404.31,1414.14,1403.25,1406.51,750543940,209646674593,
27.11.2013,1416.43,1425.49,1403.84,1404.31,1264675737,209318529152,
26.11.2013,1433.55,1444.51,1413.97,1416.43,1468884815,211124764865,
25.11.2013,1444.91,1452.85,1432.18,1433.55,978761466,213677191037,
22.11.2013,1425.86,1447.86,1425.14,1444.91,909353420,215370799080,
21.11.2013,1447.20,1447.20,1423.06,1425.86,857368288,212530446377,
20.11.2013,1455.04,1455.05,1434.72,1447.20,1002894250,215711799148,
19.11.2013,1462.98,1466.23,1449.96,1455.04,1014153299,216881065867,
18.11.2013,1444.24,1463.52,1444.24,1462.98,975699566,218064148055,
15.11.2013,1434.44,1449.31,1431.93,1444.24,1120840074,215271188989,
14.11.2013,1406.92,1439.31,1406.36,1434.44,1179956228,213809430840,
13.11.2013,1437.37,1439.78,1406.01,1406.92,1388643000,209708353141,
12.11.2013,1427.93,1438.83,1422.43,1437.37,1109500738,214246375739,
11.11.2013,1435.12,1443.32,1427.64,1427.93,764655638,212840025176,
08.11.2013,1468.22,1468.22,1430.25,1435.12,1042571395,213911167944,
07.11.2013,1458.93,1476.15,1455.92,1468.22,1092986940,218844328319,
06.11.2013,1460.23,1466.68,1454.80,1458.93,910749449,217460601829,
05.11.2013,1475.18,1479.83,1459.66,1460.23,807885229,217653613660,
01.11.2013,1480.42,1484.74,1472.20,1475.18,809805085,219882489665,
31.10.2013,1493.14,1495.60,1473.44,1480.42,1076051654,220664070413,
30.10.2013,1491.56,1503.04,1487.95,1493.14,1049123639,222558816466,
29.10.2013,1493.11,1496.30,1485.20,1491.56,967117050,222323906121,
28.10.2013,1492.20,1504.93,1489.41,1493.11,914299289,222554962923,
25.10.2013,1493.85,1498.41,1484.25,1492.20,1201826516,222419589893,
24.10.2013,1494.96,1501.70,1488.69,1493.85,1038498485,222665507169,
23.10.2013,1518.54,1520.78,1492.10,1494.96,1184725581,222831323667,
22.10.2013,1514.39,1521.05,1503.83,1518.54,990407016,226345095052,
21.10.2013,1516.62,1520.10,1504.51,1514.39,811260892,225726380398,
18.10.2013,1491.85,1520.25,1490.20,1516.62,1114435645,226058887325,
17.10.2013,1500.25,1508.90,1478.45,1491.85,1199528805,222367014857,
16.10.2013,1495.31,1506.39,1486.98,1500.25,1125230263,223619311127,
15.10.2013,1473.97,1495.79,1471.81,1495.31,1112346404,222883676503,
14.10.2013,1477.00,1479.33,1466.14,1473.97,698792834,219701581176,
11.10.2013,1484.82,1491.51,1470.96,1477.00,978912655,220153282922,
10.10.2013,1461.00,1486.49,1457.42,1484.82,1212879872,221319866102,
09.10.2013,1471.65,1471.82,1455.06,1461.00,1121286310,217768656378,
08.10.2013,1444.32,1471.71,1442.44,1471.65,1341558494,219355741116,
07.10.2013,1443.15,1445.61,1428.03,1444.32,831878810,215282649565,
04.10.2013,1427.81,1443.43,1422.31,1443.15,828778260,215107816555,
03.10.2013,1421.94,1437.54,1421.69,1427.81,813527548,212822075649,
02.10.2013,1438.04,1441.72,1417.07,1421.94,862800455,211947459390,
01.10.2013,1422.49,1440.34,1421.55,1438.04,795447126,214347190791,
30.09.2013,1432.87,1437.20,1413.79,1422.49,808955851,212029039596,
27.09.2013,1451.64,1451.64,1428.82,1432.87,876258822,213576421494,
26.09.2013,1452.98,1460.39,1443.30,1451.64,876499980,216373577947,
25.09.2013,1446.41,1453.72,1437.43,1452.98,850326895,216574116488,
24.09.2013,1451.43,1457.99,1440.75,1446.41,889355058,215594244435,
23.09.2013,1462.92,1467.76,1445.10,1451.43,840319627,216341682421,
20.09.2013,1478.75,1483.33,1460.87,1462.92,1006582100,218055037207,
19.09.2013,1429.62,1496.14,1428.25,1478.75,1713585164,220415309809,
18.09.2013,1439.79,1447.43,1426.72,1429.62,1100984009,213091148931,
17.09.2013,1436.14,1439.79,1424.98,1439.79,743226297,214607313228,
16.09.2013,1396.57,1436.14,1394.77,1436.14,1378570169,203236093982,
13.09.2013,1401.46,1401.80,1385.60,1396.57,761170304,197636127340,
12.09.2013,1394.03,1408.71,1386.22,1401.46,1006092687,198327993606,
11.09.2013,1390.55,1398.92,1384.96,1394.03,939213571,197276624207,
10.09.2013,1380.37,1393.95,1377.97,1390.55,1486117756,196783756944,
09.09.2013,1345.60,1380.37,1345.60,1380.37,1382259782,195343455846,
06.09.2013,1339.80,1369.00,1334.22,1345.60,1569253848,190423070666,
05.09.2013,1298.53,1339.80,1297.67,1339.80,1132359652,189602889239,
04.09.2013,1293.11,1298.72,1285.27,1298.53,512232177,183762373993,
03.09.2013,1291.98,1306.21,1287.28,1293.11,669202166,182994952516,
02.09.2013,1290.96,1301.37,1290.41,1291.98,388847694,182835504128,
30.08.2013,1300.67,1303.57,1285.42,1290.96,659816727,182690339815,
29.08.2013,1299.65,1312.27,1296.06,1300.67,576874020,184064201245,
28.08.2013,1304.33,1308.02,1286.12,1299.65,824696801,183920689779,
27.08.2013,1324.48,1326.14,1298.10,1304.33,694516793,184582277851,
26.08.2013,1330.99,1343.00,1319.92,1324.48,367786066,187433920613,
23.08.2013,1329.05,1337.60,1326.97,1330.99,608127366,188355746703,
22.08.2013,1312.47,1330.84,1298.51,1329.05,818122885,188081545361,
21.08.2013,1317.77,1328.30,1305.07,1312.47,792837812,185735005328,
20.08.2013,1322.25,1329.29,1302.64,1317.77,664541015,186485376499,
19.08.2013,1323.42,1333.22,1310.87,1322.25,549535485,187118807948,
16.08.2013,1327.49,1341.34,1316.66,1323.42,730806776,187283768506,
15.08.2013,1356.34,1359.45,1322.81,1327.49,764452373,187860259850,
14.08.2013,1338.85,1356.88,1337.07,1356.34,727770760,191943588221,
13.08.2013,1326.53,1343.22,1325.84,1338.85,770524068,189468114514,
12.08.2013,1325.72,1329.32,1317.79,1326.53,568947468,187724715581,
09.08.2013,1303.28,1327.66,1301.84,1325.72,729923255,187610229167,
08.08.2013,1301.28,1310.84,1294.44,1303.28,735092897,184434171789,
07.08.2013,1304.98,1311.82,1294.99,1301.28,631173439,184150618063,
06.08.2013,1333.42,1337.81,1303.04,1304.98,565062672,184674492514,
05.08.2013,1336.39,1342.73,1329.46,1333.42,485022028,188699284952,
02.08.2013,1331.71,1342.77,1320.79,1336.39,732614209,189120171818,
01.08.2013,1313.38,1336.27,1313.38,1331.71,713534381,188457166064,
31.07.2013,1326.41,1330.08,1312.50,1313.38,785610654,185863215972,
30.07.2013,1341.34,1349.87,1325.01,1326.41,972792685,187707634272,
29.07.2013,1348.37,1352.58,1340.87,1341.34,498346832,189819965605,
26.07.2013,1353.38,1361.87,1348.05,1348.37,635017095,190815502385,
25.07.2013,1369.36,1370.93,1349.09,1353.38,716695811,191524101734,
24.07.2013,1379.88,1385.58,1364.24,1369.36,828898989,193785277345,
23.07.2013,1380.01,1396.24,1378.89,1379.88,824750185,195274199340,
22.07.2013,1382.33,1396.75,1372.81,1380.01,683813826,195292949596,
19.07.2013,1377.35,1398.13,1368.83,1382.33,922056281,195620368451,
18.07.2013,1393.05,1401.64,1370.43,1377.35,1237611586,194915851913,
17.07.2013,1368.83,1394.05,1366.99,1393.05,1110388421,197137365679,
16.07.2013,1354.54,1372.48,1351.15,1368.83,916785677,193710429317,
15.07.2013,1348.81,1360.21,1344.67,1354.54,849886790,191687633322,
12.07.2013,1322.76,1348.81,1322.05,1348.81,1134460005,190877927128,
11.07.2013,1275.29,1323.85,1274.71,1322.76,1004640165,187190592454,
10.07.2013,1282.84,1291.43,1272.22,1275.29,554753944,180472557600,
09.07.2013,1277.29,1290.73,1277.29,1282.84,523557779,181541158834,
08.07.2013,1268.59,1278.84,1265.51,1277.29,463101970,180756829009,
05.07.2013,1280.61,1289.28,1266.50,1268.59,759562419,179525100102,
04.07.2013,1264.29,1281.14,1263.75,1280.61,630986262,181226751267,
03.07.2013,1274.07,1276.42,1252.94,1264.29,662158081,178917224853,
02.07.2013,1276.85,1280.77,1266.20,1274.07,605097255,180300603898,
01.07.2013,1275.44,1279.56,1266.71,1276.85,543284807,180694278332,
28.06.2013,1262.77,1279.22,1256.99,1275.44,905400626,180495009458,
27.06.2013,1261.13,1270.70,1253.96,1262.77,813568615,178701113881,
26.06.2013,1243.20,1268.41,1242.89,1261.13,867084082,178468730123,
25.06.2013,1233.04,1259.92,1232.93,1243.20,905754086,175931986544,
24.06.2013,1245.72,1251.32,1227.01,1233.04,868452202,174494577300,
21.06.2013,1243.32,1263.81,1233.25,1245.72,1000880483,176289204976,
20.06.2013,1291.72,1297.66,1243.32,1243.32,961975004,175948918480,
19.06.2013,1314.06,1318.58,1288.69,1291.72,682946942,182798349612,
18.06.2013,1314.01,1322.67,1302.82,1314.06,757701300,185960367989,
17.06.2013,1293.88,1324.02,1291.97,1314.01,1011831140,136821824135,
14.06.2013,1261.63,1298.24,1261.63,1293.88,904909877,134725494681,
13.06.2013,1263.66,1272.04,1241.21,1261.63,1071069660,131367334960,
11.06.2013,1300.54,1310.00,1258.47,1263.66,1044727200,131579077218,
10.06.2013,1314.41,1321.37,1294.45,1300.54,800054709,135418920259,
07.06.2013,1286.86,1314.41,1286.86,1314.41,861652249,136863132344,
06.06.2013,1301.08,1305.59,1284.08,1286.86,870637634,133993973508,
05.06.2013,1322.39,1328.79,1299.66,1301.08,956222522,135475374545,
04.06.2013,1319.01,1343.25,1319.01,1322.39,913759083,137693838207,
03.06.2013,1331.43,1337.08,1302.97,1319.01,1260247884,137341921221,
31.05.2013,1350.42,1362.81,1321.84,1331.43,1495370664,138634863289,
30.05.2013,1360.06,1369.50,1346.37,1350.42,1065449855,140612753998,
29.05.2013,1399.11,1402.57,1359.58,1360.06,1027016567,141616049641,
28.05.2013,1385.08,1409.64,1384.77,1399.11,865216875,145682028840,
27.05.2013,1388.52,1395.36,1380.24,1385.08,457079618,144221829592,
24.05.2013,1400.84,1413.73,1383.44,1388.52,1017872236,144579987409,
23.05.2013,1461.93,1463.84,1395.63,1400.84,1158866870,145862835568,
22.05.2013,1433.02,1471.56,1431.37,1461.93,1211275898,152223172401,
21.05.2013,1417.05,1437.11,1412.14,1433.02,898030944,149212794141,
20.05.2013,1405.34,1424.87,1405.34,1417.05,835355115,147549906714,
17.05.2013,1380.58,1409.01,1377.08,1405.34,873116326,146330547834,
16.05.2013,1391.01,1397.47,1380.06,1380.58,870733093,143752825460,
15.05.2013,1412.69,1426.85,1385.47,1391.01,902017059,144838634550,
14.05.2013,1422.29,1431.68,1406.10,1412.69,1009840775,147096738191,
13.05.2013,1429.78,1433.48,1415.04,1422.29,988381493,148095728147,
10.05.2013,1452.17,1457.30,1425.08,1429.78,484251606,148876028390,
08.05.2013,1451.84,1456.80,1439.91,1452.17,775597233,151207736536,
07.05.2013,1432.15,1454.06,1427.64,1451.84,1084051796,151172984040,
06.05.2013,1429.86,1437.79,1425.21,1432.15,662498381,149122235541,
03.05.2013,1387.47,1429.86,1387.38,1429.86,659860562,148884534912,
02.05.2013,1407.21,1407.29,1382.69,1387.47,591476304,144470538413,
30.04.2013,1387.54,1408.37,1379.76,1407.21,1238298985,146525997724,
29.04.2013,1382.22,1389.89,1378.49,1387.54,698985944,144477606497,
26.04.2013,1387.98,1388.35,1369.59,1382.22,970342070,143923864228,
25.04.2013,1375.40,1394.98,1373.15,1387.98,1270454151,144523175278,
24.04.2013,1333.89,1376.36,1330.98,1375.40,1211334203,143213444540,
23.04.2013,1329.14,1334.62,1314.12,1333.89,861889247,138890967687,
22.04.2013,1336.46,1353.41,1316.77,1329.14,903804776,138397253315,
19.04.2013,1327.55,1349.71,1327.40,1336.46,755364698,139158840141,
18.04.2013,1327.92,1346.53,1322.02,1327.55,922379635,138231604362,
17.04.2013,1356.65,1369.69,1326.57,1327.92,1007327105,138269291823,
16.04.2013,1366.53,1373.77,1351.87,1356.65,905740476,141261178008,
15.04.2013,1405.47,1409.29,1356.71,1366.53,1163036742,142289890175,
12.04.2013,1433.08,1433.87,1401.34,1405.47,877840004,146344944884,
11.04.2013,1453.81,1457.05,1427.92,1433.08,976337246,149219402793,
10.04.2013,1439.46,1459.72,1439.46,1453.81,917704018,151378290980,
09.04.2013,1419.63,1441.66,1419.20,1439.46,834181136,149884296574,
08.04.2013,1411.09,1428.27,1411.09,1419.63,816482602,147819045574,
05.04.2013,1419.45,1425.40,1404.22,1411.09,1006793545,146929890500,
04.04.2013,1425.99,1432.26,1408.16,1419.45,1155084968,147799879143,
03.04.2013,1440.10,1441.15,1424.42,1425.99,850974310,148481104244,
02.04.2013,1445.57,1452.31,1437.41,1440.10,777746297,149950479334,
01.04.2013,1460.04,1460.04,1444.98,1445.57,420613995,150520320051,
29.03.2013,1454.72,1460.31,1452.39,1460.04,340547401,152026393651,
28.03.2013,1446.04,1455.18,1435.14,1454.72,1238172937,151473231031,
27.03.2013,1445.46,1455.63,1432.36,1446.04,1112922604,150568910321,
26.03.2013,1458.80,1461.76,1438.41,1445.46,1153622028,150509073169,
25.03.2013,1470.91,1493.82,1457.88,1458.80,963304079,151898045286,
22.03.2013,1485.73,1487.06,1470.53,1470.91,911052863,153158323269,
21.03.2013,1489.34,1496.06,1483.46,1485.73,938628472,154701352533,
20.03.2013,1478.82,1490.95,1465.86,1489.34,1144915313,155077484779,
19.03.2013,1494.30,1501.77,1477.70,1478.82,1124449004,153982086986,
18.03.2013,1537.66,1538.91,1477.81,1494.30,1516118531,155594113662,
15.03.2013,1535.73,1556.58,1535.19,1537.66,1272378950,158875539428,
14.03.2013,1531.14,1540.39,1524.95,1535.73,997955685,158676373787,
13.03.2013,1542.55,1548.74,1528.93,1531.14,1125787349,158201644694,
12.03.2013,1539.87,1545.76,1530.67,1542.55,688208538,159381405746,
11.03.2013,1532.09,1553.35,1531.83,1539.87,957308370,159104363851,
07.03.2013,1529.32,1536.30,1527.61,1532.09,589006820,158300107458,
06.03.2013,1523.34,1538.77,1523.34,1529.32,800795291,158013733510,
05.03.2013,1498.79,1525.49,1498.58,1523.34,933202157,157395606065,
04.03.2013,1509.80,1514.95,1494.71,1498.79,785465846,154859420747,
01.03.2013,1534.41,1537.27,1505.68,1509.80,902682567,155996874943,
28.02.2013,1530.38,1544.84,1529.76,1534.41,968471081,158540076987,
27.02.2013,1531.66,1535.42,1525.56,1530.52,727744506,158137640424,
26.02.2013,1565.07,1567.11,1524.46,1530.82,944069188,158168787990,
25.02.2013,1551.04,1567.29,1549.05,1565.07,599459399,161707396368,
22.02.2013,1545.59,1558.19,1544.36,1551.04,657480029,160257800553,
21.02.2013,1582.63,1583.25,1545.40,1548.76,1108041723,160022296922,
20.02.2013,1592.74,1597.68,1582.24,1582.63,959818586,163522303754,
19.02.2013,1578.65,1593.38,1577.86,1592.74,916632904,164566551797,
18.02.2013,1577.26,1580.90,1566.41,1578.65,729460079,163111266953,
15.02.2013,1588.31,1589.35,1567.81,1577.26,1029648055,162966892314,
14.02.2013,1612.55,1623.28,1582.85,1588.31,1700985751,164108478402,
13.02.2013,1582.35,1615.58,1582.35,1612.65,1425964367,166623938139,
12.02.2013,1581.95,1590.31,1574.30,1582.35,992520230,163493027173,
11.02.2013,1590.13,1595.99,1581.70,1581.95,780479120,163452036227,
08.02.2013,1595.36,1596.88,1577.74,1590.13,1007327464,164296573854,
07.02.2013,1602.99,1607.27,1592.43,1595.36,844298730,164837185126,
06.02.2013,1614.09,1630.74,1599.00,1602.99,1152388200,165625400280,
05.02.2013,1612.52,1617.26,1599.47,1614.09,745062856,166772749744,
04.02.2013,1628.26,1637.62,1610.94,1612.52,854641900,166610343791,
01.02.2013,1621.71,1635.71,1620.31,1628.31,1158209320,168241638464,
31.01.2013,1618.71,1623.63,1608.46,1622.13,1584389166,167603114464,
30.01.2013,1623.87,1636.03,1612.42,1618.77,1362330795,167255879083,
29.01.2013,1635.50,1637.00,1618.96,1623.87,1190666911,167782621745,
28.01.2013,1618.84,1638.08,1615.04,1635.50,1238560856,168984334168,
25.01.2013,1604.66,1620.43,1597.75,1618.84,905098723,167263711798,
24.01.2013,1605.36,1605.36,1585.01,1604.65,948190611,165796955322,
23.01.2013,1589.02,1605.88,1587.88,1605.36,1033896138,165870558089,
22.01.2013,1600.13,1604.63,1580.80,1589.02,979138317,164182277670,
21.01.2013,1603.44,1603.99,1594.09,1600.13,685649936,165329958195,
18.01.2013,1585.44,1605.68,1584.97,1603.50,1078328961,165678469092,
17.01.2013,1571.15,1586.80,1571.13,1585.44,966200500,163812673319,
16.01.2013,1576.54,1585.82,1562.16,1571.15,899119988,162336124555,
15.01.2013,1590.21,1593.12,1576.54,1576.54,948372757,162892947124,
14.01.2013,1571.73,1594.17,1569.66,1590.21,993968653,164304898133,
11.01.2013,1572.00,1575.42,1565.57,1571.73,874095798,162395701112,
10.01.2013,1568.59,1576.32,1568.59,1572.00,727899316,162423923656,
09.01.2013,1576.10,1578.31,1564.09,1568.59,829717992,162071641400,
08.01.2013,1526.98,1582.35,1526.98,1576.10,948109576,162847542960,
